string,occurrences,appears_on,kind
"-0.1 against region",1,"PTWE Global / Region and Service Point drill","interface copy"
"-1.6 against region",1,"PTWE Global / Region and Service Point drill","interface copy"
"-1.9% against region",1,"PTWE Global / Region and Service Point drill","interface copy"
"-3.5% against region",1,"PTWE Global / Region and Service Point drill","interface copy"
"+0.1 against region",1,"PTWE Global / Region and Service Point drill","interface copy"
"+1.6 against region",1,"PTWE Global / Region and Service Point drill","interface copy"
"+2.4% against region",1,"PTWE Global / Region and Service Point drill","interface copy"
"+3.5% against region",1,"PTWE Global / Region and Service Point drill","interface copy"
"$0",1,"Service Point, technician / Field quote","interface copy"
"$0 each",1,"Service Point, manager / MARCOM catalogue","interface copy"
"$1,150",1,"Client, before install / Your solution and quote","interface copy"
"$1,200 each",1,"Service Point, manager / MARCOM catalogue","interface copy"
"$1,300",1,"Client, before install / Your solution and quote","interface copy"
"$1.9M revenue, 1,620 care plans, 3.6% above",1,"PTWE Global / Strategic mix tracker","interface copy"
"$12,400",1,"Client, before install / Your solution and quote","interface copy"
"$14,850",2,"Client, before install / Your solution and quote; Client, before install / Installation and project tracking","interface copy"
"$2.1M",1,"Service Point, manager / Service Point dashboard","interface copy"
"$2.1M of $2.3M revenue target, 1,840 care plans, 7 open cases",1,"PTWE Global / Region and Service Point drill","interface copy"
"$2.1M revenue, 1,840 care plans, 1.6% to close",1,"PTWE Global / Strategic mix tracker","interface copy"
"$2.6M of $2.5M revenue target, 2,210 care plans, 11 open cases",1,"PTWE Global / Region and Service Point drill","interface copy"
"$2.6M revenue, 2,210 care plans, 5.9% to close",1,"PTWE Global / Strategic mix tracker","interface copy"
"$21,681",1,"Service Point, manager / Inventory","interface copy"
"$210 each",1,"Service Point, manager / MARCOM catalogue","interface copy"
"$22 each",1,"Service Point, manager / MARCOM catalogue","interface copy"
"$289",1,"Client, system owner / Parts store","interface copy"
"$320",3,"Client, before install / Handover to owner; Client, system owner / Invoices and payment; Client, system owner / Maintenance contract","interface copy"
"$320 a year, renews 14 May 2027. On autopay.",1,"Client, system owner / Home","interface copy"
"$320 on 14 May",1,"Client, system owner / Invoices and payment","interface copy"
"$34",2,"Client, system owner / Parts store; Client, system owner / Recommended for your property","interface copy"
"$4.8M",1,"PTWE Global / Region and Service Point drill","interface copy"
"$420",1,"Client, system owner / Maintenance contract","interface copy"
"$448 part",1,"Service Point, technician / Field quote","interface copy"
"$48 each",1,"Service Point, manager / MARCOM catalogue","interface copy"
"$6.6M",1,"PTWE Global / Network overview","interface copy"
"$615",1,"Client, system owner / Parts store","interface copy"
"$615 part",1,"Service Point, technician / Field quote","interface copy"
"$68",1,"Client, system owner / Invoices and payment","interface copy"
"$78",3,"Client, system owner / Invoices and payment; Client, system owner / Parts store; Client, system owner / Recommended for your property","interface copy"
"$78 part",1,"Service Point, technician / Field quote","interface copy"
"$900 each",1,"Service Point, manager / MARCOM catalogue","interface copy"
"$95 each",1,"Service Point, manager / MARCOM catalogue","interface copy"
"0",1,"Client, system owner / Transfer ownership","interface copy"
"0 jobs",1,"Service Point, manager / Service Point dashboard","interface copy"
"0 jobs, 8 hours free",1,"Service Point, manager / Dispatch board","interface copy"
"0 minutes",1,"Service Point, manager / Team and capacity","interface copy"
"01",5,"Client, before install / Request received, team assigned; Client, before install / Your solution and quote; Client, before install / Installation and project tracking; Service Point, technician / Route and schedule; PTWE Global / Service Point readiness","interface copy"
"02",5,"Client, before install / Request received, team assigned; Client, before install / Your solution and quote; Client, before install / Installation and project tracking; Service Point, technician / Route and schedule; PTWE Global / Service Point readiness","interface copy"
"03",5,"Client, before install / Request received, team assigned; Client, before install / Your solution and quote; Client, before install / Installation and project tracking; Service Point, technician / Route and schedule; PTWE Global / Service Point readiness","interface copy"
"04",2,"Client, before install / Request received, team assigned; Client, before install / Installation and project tracking","interface copy"
"05",1,"Client, before install / Installation and project tracking","interface copy"
"06",1,"Client, before install / Installation and project tracking","interface copy"
"07:30 to 08:30",4,"Service Point, technician / My day; Service Point, technician / Route and schedule; Service Point, manager / Service Point dashboard; Service Point, manager / Dispatch board","interface copy"
"08:00 to 10:00",1,"Client, system owner / Book an appointment","interface copy"
"09:00 to 11:00",6,"Client, system owner / Home; Service Point, technician / My day; Service Point, technician / Work order detail; Service Point, technician / Route and schedule; Service Point, manager / Service Point dashboard; Service Point, manager / Dispatch board","interface copy"
"1",2,"Service Point, technician / Work order detail; Service Point, manager / Inventory","interface copy"
"1 BLOCKING",1,"PTWE Global / Service Point readiness","interface copy"
"1 chemin Boisvert, Sutton",1,"Service Point, manager / Customers","interface copy"
"1 done, 2 left",1,"Service Point, technician / My day","interface copy"
"1 further documents exist but are outside your role. Flo will not answer from them.",1,"Service Point, manager / Flo","interface copy"
"1 h labour",1,"Service Point, technician / Field quote","interface copy"
"1 hour 15",1,"Service Point, technician / My day","interface copy"
"1 hour 15 on site",1,"Service Point, technician / Route and schedule","interface copy"
"1 hour 30",2,"Service Point, technician / My day; Service Point, technician / Work order detail","interface copy"
"1 hour 30 on site",1,"Service Point, technician / Route and schedule","interface copy"
"1 job today not yet confirmed with the customer",1,"Service Point, manager / Service Point dashboard","interface copy"
"1 of 3",2,"PTWE Global / Strategic mix tracker; PTWE Global / Service Point readiness","interface copy"
"1 OPEN",1,"Service Point, manager / Customers","interface copy"
"1 Service Point, $1.9M revenue",1,"PTWE Global / Strategic mix tracker","interface copy"
"1 thing we would do next",1,"Client, system owner / Recommended for your property","interface copy"
"1 waiting",1,"Service Point, manager / Dispatch board","interface copy"
"1 x ACC-RISER-6",1,"Client, system owner / Invoices and payment","interface copy"
"1 x ACC-RISER-6. $78.",1,"Client, system owner / My system","interface copy"
"1,284",1,"PTWE Global / Digital adoption and Flo analytics","interface copy"
"1,284 questions asked across the network in the last 30 days, 9% of which Flo could not ground in a document.",1,"Service Point, manager / Flo","interface copy"
"1,840",1,"Service Point, manager / Service Point dashboard","interface copy"
"1.5 h labour",1,"Service Point, technician / Field quote","interface copy"
"1.6% below the 35% target",1,"Service Point, manager / Service Point dashboard","interface copy"
"1.6% of service share to find. 1,840 care plans on $2.1M of revenue suggests the contract base is there and the attach rate is not.",1,"PTWE Global / Region and Service Point drill","interface copy"
"1.9% below target",1,"PTWE Global / Strategic mix tracker","interface copy"
"1.9% short of target",1,"PTWE Global / Strategic mix tracker","interface copy"
"10 August 2027",1,"Client, before install / Handover to owner","interface copy"
"10 day lead time",1,"Service Point, manager / MARCOM catalogue","interface copy"
"10:00 to 12:00",1,"Client, system owner / Book an appointment","interface copy"
"11.0",1,"PTWE Global / Benchmarking and alerts","interface copy"
"11.7%",1,"PTWE Global / Strategic mix tracker","interface copy"
"116 questions",1,"PTWE Global / Digital adoption and Flo analytics","interface copy"
"116 questions, grouped",1,"PTWE Global / Digital adoption and Flo analytics","interface copy"
"12",1,"Service Point, manager / Inventory","interface copy"
"12 August 2026",2,"Client, system owner / Maintenance contract; Client, system owner / Messages","interface copy"
"12 August, Marc Bouchard",1,"Service Point, manager / Team and capacity","interface copy"
"12 day lead time",1,"Service Point, manager / MARCOM catalogue","interface copy"
"12%",1,"PTWE Global / Digital adoption and Flo analytics","interface copy"
"13:00 to 15:00",5,"Client, system owner / Book an appointment; Service Point, technician / My day; Service Point, technician / Route and schedule; Service Point, manager / Service Point dashboard; Service Point, manager / Dispatch board","interface copy"
"13:00 to 15:00, Waterloo. The customer has not been told a window yet.",1,"Service Point, manager / Dispatch board","interface copy"
"14 day lead time",1,"Service Point, manager / MARCOM catalogue","interface copy"
"14 May",1,"Client, system owner / Invoices and payment","interface copy"
"14 May 2019",3,"Client, system owner / My system; Client, system owner / Maintenance contract; Client, system owner / Transfer ownership","interface copy"
"14 May 2029",2,"Client, system owner / My system; Client, system owner / Transfer ownership","interface copy"
"148 chemin du Lac, Lac-Brome",6,"Client, system owner / Transfer ownership; Service Point, technician / My day; Service Point, technician / Work order detail; Service Point, technician / Route and schedule; Service Point, technician / Pre-job safety check; Service Point, manager / Customers","interface copy"
"15:00 to 17:00",1,"Client, system owner / Book an appointment","interface copy"
"15.9",1,"PTWE Global / Benchmarking and alerts","interface copy"
"16",1,"Service Point, manager / Inventory","interface copy"
"18",1,"Service Point, manager / Inventory","interface copy"
"18 June",2,"Client, system owner / My system; Client, system owner / Invoices and payment","interface copy"
"18.2",3,"Service Point, manager / Service Point dashboard; PTWE Global / Region and Service Point drill; PTWE Global / Benchmarking and alerts","interface copy"
"18%",1,"PTWE Global / Digital adoption and Flo analytics","interface copy"
"2",1,"Service Point, manager / Inventory","interface copy"
"2 blocked on at least one gate",1,"PTWE Global / Service Point readiness","interface copy"
"2 entries",1,"Client, system owner / My system","interface copy"
"2 h labour",1,"Service Point, technician / Field quote","interface copy"
"2 hours 30 of driving between them",1,"Service Point, technician / Route and schedule","interface copy"
"2 hours to the next stop",1,"Service Point, technician / Route and schedule","interface copy"
"2 June",1,"Client, system owner / Messages","interface copy"
"2 leads waiting on a first call",1,"Service Point, manager / Service Point dashboard","interface copy"
"2 lines",1,"Service Point, manager / Inventory","interface copy"
"2 March",2,"Client, system owner / My system; Client, system owner / Invoices and payment","interface copy"
"2 of 3 blocked on the same gate",1,"PTWE Global / Service Point readiness","interface copy"
"2 of 6 stages done. We update this as each one finishes.",1,"Client, before install / Installation and project tracking","interface copy"
"2 of 7 required done",1,"Service Point, technician / Work order detail","interface copy"
"2 Service Points, $4.8M revenue",1,"PTWE Global / Strategic mix tracker","interface copy"
"2 Service Points, $4.8M revenue.",1,"PTWE Global / Region and Service Point drill","interface copy"
"2 x LID-SEAL-05",1,"Client, system owner / Invoices and payment","interface copy"
"2 x LID-SEAL-05. $68.",1,"Client, system owner / My system","interface copy"
"21 day lead time",1,"Service Point, manager / MARCOM catalogue","interface copy"
"21 July",1,"Service Point, manager / Leads","interface copy"
"21 July 2026",1,"Client, before install / Request received, team assigned","interface copy"
"21 questions",1,"PTWE Global / Digital adoption and Flo analytics","interface copy"
"21.4",2,"PTWE Global / Region and Service Point drill; PTWE Global / Benchmarking and alerts","interface copy"
"22",2,"Service Point, manager / Inventory; PTWE Global / Network overview","interface copy"
"22%",1,"PTWE Global / Digital adoption and Flo analytics","interface copy"
"23 July",1,"Service Point, manager / Leads","interface copy"
"23 July 2026, about an hour on site",1,"Client, before install / Soil test and report","interface copy"
"24 July",1,"Service Point, manager / Leads","interface copy"
"25 July",1,"Service Point, manager / Leads","interface copy"
"26",1,"Service Point, manager / Inventory","interface copy"
"26 July",1,"Client, before install / Installation and project tracking","interface copy"
"26 questions",1,"PTWE Global / Digital adoption and Flo analytics","interface copy"
"26%",1,"PTWE Global / Digital adoption and Flo analytics","interface copy"
"27%",1,"PTWE Global / Digital adoption and Flo analytics","interface copy"
"29 July",1,"Client, before install / Installation and project tracking","interface copy"
"29.1%",4,"PTWE Global / Network overview; PTWE Global / Region and Service Point drill; PTWE Global / Strategic mix tracker; PTWE Global / Benchmarking and alerts","interface copy"
"29.1% service, $2.6M",1,"PTWE Global / Network overview","interface copy"
"3",3,"Service Point, technician / My day; Service Point, technician / Route and schedule; Service Point, manager / Inventory","interface copy"
"3 BLOCKING",1,"PTWE Global / Service Point readiness","interface copy"
"3 hours 30",1,"Service Point, manager / Team and capacity","interface copy"
"3 hours 30 of work. Marc Bouchard.",1,"Service Point, technician / My day","interface copy"
"3 hours 30 of work. The order is fixed by the windows, not by distance.",1,"Service Point, technician / Route and schedule","interface copy"
"3 in the field. 2 jobs still to run.",1,"Service Point, manager / Team and capacity","interface copy"
"3 invoices",1,"Client, system owner / Invoices and payment","interface copy"
"3 jobs",1,"Service Point, manager / Service Point dashboard","interface copy"
"3 jobs, 4 hours 30 free",1,"Service Point, manager / Dispatch board","interface copy"
"3 June",1,"Client, system owner / Messages","interface copy"
"3 points",3,"PTWE Global / Network overview; PTWE Global / Digital adoption and Flo analytics; PTWE Global / Benchmarking and alerts","interface copy"
"3 Service Points across 2 regions.",1,"PTWE Global / Network overview","interface copy"
"30 minutes to the next stop",1,"Service Point, technician / Route and schedule","interface copy"
"30 questions",1,"PTWE Global / Digital adoption and Flo analytics","interface copy"
"31.0%",2,"PTWE Global / Region and Service Point drill; PTWE Global / Strategic mix tracker","interface copy"
"312 route 243, Waterloo",3,"Service Point, technician / My day; Service Point, technician / Route and schedule; Service Point, manager / Customers","interface copy"
"33.1%",2,"PTWE Global / Network overview; PTWE Global / Strategic mix tracker","interface copy"
"33.4%",5,"Service Point, manager / Service Point dashboard; PTWE Global / Network overview; PTWE Global / Region and Service Point drill; PTWE Global / Strategic mix tracker; PTWE Global / Benchmarking and alerts","interface copy"
"33.4% service, $2.1M",1,"PTWE Global / Network overview","interface copy"
"34",1,"Service Point, manager / Inventory","interface copy"
"34%",1,"PTWE Global / Digital adoption and Flo analytics","interface copy"
"35.0%",1,"PTWE Global / Strategic mix tracker","interface copy"
"38.6%",3,"PTWE Global / Network overview; PTWE Global / Strategic mix tracker; PTWE Global / Benchmarking and alerts","interface copy"
"38.6% service, $1.9M",1,"PTWE Global / Network overview","interface copy"
"39 questions",1,"PTWE Global / Digital adoption and Flo analytics","interface copy"
"4",1,"Service Point, manager / Inventory","interface copy"
"4 accounts",1,"Service Point, manager / Customers","interface copy"
"4 accounts. Search by name, town, account or serial number.",1,"Service Point, manager / Customers","interface copy"
"4 August",1,"Client, before install / Installation and project tracking","interface copy"
"4 days open",1,"Client, system owner / Book an appointment","interface copy"
"4 gates each",1,"PTWE Global / Service Point readiness","interface copy"
"4 hours 30",1,"Service Point, manager / Team and capacity","interface copy"
"4 leads",1,"Service Point, manager / Leads","interface copy"
"4 lines",1,"Service Point, manager / Inventory","interface copy"
"4 on truck",1,"Service Point, technician / Work order detail","interface copy"
"4,050",1,"PTWE Global / Region and Service Point drill","interface copy"
"4.0",1,"PTWE Global / Benchmarking and alerts","interface copy"
"4.0% short of the 35 percent target. Weighted by revenue, so the larger Service Points count for more.",1,"PTWE Global / Region and Service Point drill","interface copy"
"4.5",2,"PTWE Global / Region and Service Point drill; PTWE Global / Benchmarking and alerts","interface copy"
"4.7",4,"Service Point, manager / Service Point dashboard; Service Point, manager / Team and capacity; PTWE Global / Region and Service Point drill; PTWE Global / Benchmarking and alerts","interface copy"
"4.8",2,"Service Point, manager / Team and capacity; PTWE Global / Benchmarking and alerts","interface copy"
"4.9",1,"Service Point, manager / Team and capacity","interface copy"
"4.9 out of 5, from visits like yours",1,"Client, system owner / Home","interface copy"
"41",1,"Service Point, manager / Inventory","interface copy"
"41%",1,"PTWE Global / Digital adoption and Flo analytics","interface copy"
"45 minutes",1,"Service Point, technician / My day","interface copy"
"45 minutes on site",1,"Service Point, technician / Route and schedule","interface copy"
"5",2,"Service Point, manager / Inventory; PTWE Global / Digital adoption and Flo analytics","interface copy"
"5 required items left",1,"Service Point, technician / Work order detail","interface copy"
"5 required outstanding",1,"Service Point, technician / Pre-job safety check","interface copy"
"5,670",1,"PTWE Global / Network overview","interface copy"
"5.9% of service share to find. 2,210 care plans on $2.6M of revenue suggests the contract base is there and the attach rate is not.",1,"PTWE Global / Region and Service Point drill","interface copy"
"6",1,"Service Point, manager / Inventory","interface copy"
"6 on truck",1,"Service Point, technician / Work order detail","interface copy"
"7",1,"Service Point, manager / Inventory","interface copy"
"7 day lead time",1,"Service Point, manager / MARCOM catalogue","interface copy"
"7 items",1,"Service Point, manager / MARCOM catalogue","interface copy"
"7 worth raising",1,"PTWE Global / Benchmarking and alerts","interface copy"
"7.0",1,"PTWE Global / Benchmarking and alerts","interface copy"
"71.0%",2,"PTWE Global / Region and Service Point drill; PTWE Global / Benchmarking and alerts","interface copy"
"71%",2,"PTWE Global / Digital adoption and Flo analytics; PTWE Global / Service Point readiness","interface copy"
"78.0%",2,"PTWE Global / Region and Service Point drill; PTWE Global / Benchmarking and alerts","interface copy"
"78%",3,"Service Point, manager / Service Point dashboard; PTWE Global / Digital adoption and Flo analytics; PTWE Global / Service Point readiness","interface copy"
"8 hours",1,"Service Point, manager / Team and capacity","interface copy"
"8 October 2024",1,"Client, system owner / My system","interface copy"
"84",1,"Service Point, manager / Inventory","interface copy"
"84.0%",1,"PTWE Global / Benchmarking and alerts","interface copy"
"84%",2,"PTWE Global / Digital adoption and Flo analytics; PTWE Global / Service Point readiness","interface copy"
"88",1,"Service Point, manager / Inventory","interface copy"
"9",1,"Service Point, manager / Inventory","interface copy"
"9 rue des Érables, Magog",3,"Service Point, technician / My day; Service Point, technician / Route and schedule; Service Point, manager / Customers","interface copy"
"9%",1,"PTWE Global / Digital adoption and Flo analytics","interface copy"
"A check up",1,"Client, system owner / Book an appointment","interface copy"
"A coconut husk filter that treats wastewater without electricity or chemicals. No moving parts to fail, and it sits low enough to keep your view.",1,"Client, before install / Your solution and quote","interface copy"
"A customer who logs in to find the wrong system does not come back",1,"PTWE Global / Service Point readiness","interface copy"
"A photo of the fault is what makes the quote easy to say yes to.",1,"Service Point, technician / Field quote","interface copy"
"A photo of what you are seeing usually saves a visit.",1,"Client, system owner / Messages","interface copy"
"A portal that invites messages and does not answer them is worse than no portal",1,"PTWE Global / Service Point readiness","interface copy"
"A private conversation stays private",1,"Client, system owner / Transfer ownership","interface copy"
"A property inspection flagged the system",1,"Client, before install / Intake","interface copy"
"A readiness score of 84% invites somebody to round it up and launch. Four named gates, one of which is failing, does not. The score is shown because it is useful for tracking, not for deciding.",1,"PTWE Global / Service Point readiness","interface copy"
"A spare lid seal",1,"Client, system owner / Recommended for your property","interface copy"
"A system like yours needs the filter media replaced every few years and a check up once a year. The care plan covers both, and it means we come to you before something goes wrong rather than after.",1,"Client, before install / Handover to owner","interface copy"
"A taller lid riser",1,"Client, system owner / Recommended for your property","interface copy"
"A ten year warranty",1,"Client, before install / Handover to owner","interface copy"
"A thaw week works better for us. Thank you.",1,"Client, system owner / Messages","interface copy"
"A window, not a time. We would rather arrive inside two hours than miss a promise by ten minutes.",1,"Client, system owner / Book an appointment","interface copy"
"Abandon and report",1,"Service Point, technician / Pre-job safety check","interface copy"
"Abandoning is a legitimate outcome. It is recorded with your reading and nobody asks you to justify it.",1,"Service Point, technician / Pre-job safety check","interface copy"
"About an hour on site, no cost to you",1,"Client, before install / Request received, team assigned","interface copy"
"About the system or the property",1,"Client, system owner / Book an appointment","interface copy"
"About: Question about winter access",1,"Client, system owner / Messages","interface copy"
"ABOVE TARGET",1,"PTWE Global / Strategic mix tracker","interface copy"
"Above the line",1,"PTWE Global / Strategic mix tracker","interface copy"
"ACC-RISER-6",3,"Client, system owner / Parts store; Client, system owner / Recommended for your property; Service Point, technician / Field quote","mock data, do not translate"
"Access and site conditions clear",1,"Service Point, technician / Work order detail","mock data, do not translate"
"Accounts, systems and history are mastered in the CRM. This view is read only in V1.",1,"Service Point, manager / Customers","interface copy"
"Across Service Points",1,"PTWE Global / Digital adoption and Flo analytics","interface copy"
"Across technicians and managers",1,"PTWE Global / Digital adoption and Flo analytics","interface copy"
"ACTIVE",1,"Client, system owner / Maintenance contract","interface copy"
"Active care plans",1,"Service Point, manager / Service Point dashboard","interface copy"
"Add",1,"Client, system owner / Parts store","interface copy"
"Add a part",1,"Service Point, technician / Work order detail","interface copy"
"Add a photo",1,"Client, system owner / Messages","interface copy"
"Add it to my visit",1,"Client, system owner / Recommended for your property","interface copy"
"Address",1,"Client, before install / Intake","interface copy"
"Adoption",1,"shell / nav, PTWE Global","interface copy"
"Adoption and Flo",1,"PTWE Global / Digital adoption and Flo analytics","interface copy"
"Against target",1,"PTWE Global / Region and Service Point drill","interface copy"
"Agreed price",1,"Client, before install / Installation and project tracking","interface copy"
"Alerts",1,"PTWE Global / Benchmarking and alerts","interface copy"
"All",1,"Service Point, manager / Customers","interface copy"
"All 3 stops today are inside Service Point Estrie. A drawn route needs base geography, which is not bundled in this build, so the ordered list above is the route until it is.",1,"Service Point, technician / Route and schedule","interface copy"
"All 4",1,"Service Point, manager / Leads","interface copy"
"All four gates must pass before customers are let in.",1,"PTWE Global / Service Point readiness","interface copy"
"All measures",1,"PTWE Global / Benchmarking and alerts","interface copy"
"Already booked",1,"Client, before install / Handover to owner","interface copy"
"Already done, at no cost",1,"Client, before install / Your solution and quote","interface copy"
"Already had your soil test?",1,"Client, before install / Request received, team assigned","interface copy"
"Amélie Roy",3,"Client, before install / Request received, team assigned; Client, before install / Installation and project tracking; Service Point, manager / Team and capacity","mock data, do not translate"
"An Ecoflo compact biofilter installed at a property",1,"Client, before install / Your solution and quote","interface copy"
"An open lid on a residential property is an open hole",1,"Service Point, technician / Pre-job safety check","interface copy"
"An outlet filter check, added to your next visit",1,"Client, system owner / Recommended for your property","interface copy"
"Annual inspection",2,"Client, before install / Handover to owner; Client, system owner / Maintenance contract","mock data, do not translate"
"Annual leave, 17 August to 21 August",1,"Service Point, manager / Team and capacity","interface copy"
"Answers come from the 4 documents you have access to, and each one says where it came from.",1,"Service Point, manager / Flo","interface copy"
"Approve",1,"Service Point, technician / Field quote","interface copy"
"Approve quote",1,"Client, before install / Your solution and quote","interface copy"
"Approving does not charge you. We file the permits first, and you can stop at any point before work starts.",1,"Client, before install / Your solution and quote","interface copy"
"AR",3,"Client, before install / Request received, team assigned; Client, before install / Installation and project tracking; Service Point, manager / Team and capacity","interface copy"
"Arrival window",1,"Service Point, technician / Work order detail","interface copy"
"Ask",1,"Service Point, manager / Flo","interface copy"
"Ask about my plan",1,"Client, system owner / Maintenance contract","interface copy"
"Ask about the work",1,"Service Point, manager / Flo","interface copy"
"Ask something",1,"Service Point, manager / Flo","interface copy"
"ASSIGNED",1,"Client, before install / Request received, team assigned","interface copy"
"At",1,"Client, system owner / Transfer ownership","interface copy"
"At 148 chemin du Lac, Lac-Brome.",1,"Client, system owner / My system","interface copy"
"AT OR ABOVE 35%",1,"PTWE Global / Strategic mix tracker","interface copy"
"Attached to this conversation",1,"Client, system owner / Messages","interface copy"
"Autopay is on",1,"Client, system owner / Invoices and payment","interface copy"
"Available",1,"Service Point, manager / Inventory","interface copy"
"Available to order",1,"Service Point, manager / MARCOM catalogue","interface copy"
"Average readiness",1,"PTWE Global / Digital adoption and Flo analytics","interface copy"
"Avoids: A backup during heavy spring flow",1,"Client, system owner / Recommended for your property","interface copy"
"Avoids: A callout for a ten dollar part",1,"Client, system owner / Recommended for your property","interface copy"
"Avoids: A visit moved because we could not reach the lid",1,"Client, system owner / Recommended for your property","interface copy"
"Back to the network",1,"PTWE Global / Region and Service Point drill","interface copy"
"Backing up, smell, or a wet patch in the yard",1,"Client, before install / Intake","interface copy"
"Base geography not yet supplied",1,"PTWE Global / Network overview","interface copy"
"Based on what we found at Bromont. Here is why this one, and what it costs.",1,"Client, before install / Your solution and quote","interface copy"
"Based on your EC-5 at Lac-Brome, its age, and what we have seen on site.",1,"Client, system owner / Recommended for your property","interface copy"
"Based on: Installed 14 May 2019",1,"Client, system owner / Recommended for your property","interface copy"
"Based on: WO-2026-0412, scheduled",1,"Client, system owner / Recommended for your property","interface copy"
"Based on: Your note about winter access, June 2026",1,"Client, system owner / Recommended for your property","interface copy"
"Bedrock sits close to the surface on the lake side of the lot. A deep system is not an option here.",1,"Client, before install / Soil test and report","interface copy"
"Before the lid comes off, not after",1,"Service Point, technician / Pre-job safety check","interface copy"
"Before work starts",1,"Service Point, technician / Work order detail","interface copy"
"Before you leave",1,"Service Point, technician / Work order detail","interface copy"
"Before you send this",1,"Client, before install / Intake","interface copy"
"Before you start",1,"Service Point, technician / Pre-job safety check","interface copy"
"Behind this screen",1,"Client, system owner / Parts store","interface copy"
"BELOW 35%",1,"PTWE Global / Strategic mix tracker","interface copy"
"BELOW TARGET",1,"PTWE Global / Strategic mix tracker","interface copy"
"Benchmarking",2,"shell / nav, PTWE Global; PTWE Global / Benchmarking and alerts","interface copy"
"Best in network shown in the accent colour. Network service share is currently 33.1% against a 35 percent target.",1,"PTWE Global / Benchmarking and alerts","interface copy"
"Best in network, per measure",1,"PTWE Global / Benchmarking and alerts","interface copy"
"Billing",1,"Client, system owner / Invoices and payment","interface copy"
"Blueprint",1,"shell / top bar","interface copy"
"Book",1,"shell / nav, Client, system owner","interface copy"
"Book a visit",1,"Client, system owner / Book an appointment","interface copy"
"BOOKED",2,"Service Point, technician / My day; Service Point, technician / Route and schedule","interface copy"
"Booked duration",1,"Service Point, technician / Work order detail","interface copy"
"Booked today",1,"Service Point, manager / Team and capacity","interface copy"
"Bought by you, billed to you",1,"Client, system owner / Transfer ownership","interface copy"
"Bring: Filter media, coconut husk, Inspection lid seal",1,"Service Point, technician / My day","interface copy"
"Bromont, Québec",1,"Client, before install / Request received, team assigned","interface copy"
"Bromont. Replacing a failing system.",1,"Service Point, manager / Leads","interface copy"
"By region",1,"PTWE Global / Strategic mix tracker","interface copy"
"By revenue",1,"PTWE Global / Network overview","interface copy"
"By technician",2,"Service Point, manager / Service Point dashboard; Service Point, manager / Dispatch board","interface copy"
"Calibration in date, alarm audible",1,"Service Point, technician / Pre-job safety check","interface copy"
"Camp Boisvert",1,"Service Point, manager / Customers","mock data, do not translate"
"Campaign results",1,"Service Point, manager / MARCOM catalogue","interface copy"
"CAN MOVE",1,"Service Point, technician / Route and schedule","interface copy"
"Cancel whenever you like",1,"Client, before install / Handover to owner","interface copy"
"Cap",1,"Service Point, manager / MARCOM catalogue","mock data, do not translate"
"Capacity is measured against an eight hour day and does not include travel. Travel sits on the technician route screen, where it belongs.",1,"Service Point, manager / Dispatch board","interface copy"
"Capture",1,"Service Point, technician / Work order detail","interface copy"
"Card ending 4417",1,"Client, system owner / Invoices and payment","interface copy"
"Care plan",2,"Client, system owner / My system; Service Point, manager / Customers","interface copy"
"Care plans",2,"PTWE Global / Network overview; PTWE Global / Region and Service Point drill","interface copy"
"Catalogue",1,"Service Point, manager / MARCOM catalogue","interface copy"
"Change",1,"Client, system owner / Invoices and payment","interface copy"
"Checklist",1,"Service Point, technician / Work order detail","interface copy"
"Checks",1,"Service Point, technician / Pre-job safety check","interface copy"
"Children and pets accounted for",1,"Service Point, technician / Pre-job safety check","interface copy"
"Chloé Bergeron",1,"Service Point, manager / Leads","mock data, do not translate"
"Choose an arrival window",1,"Client, system owner / Book an appointment","interface copy"
"Choose what brings you here, add the property address, and agree to the statement above.",1,"Client, before install / Intake","interface copy"
"Choose what it is about and pick a window to continue.",1,"Client, system owner / Book an appointment","interface copy"
"Clear to a slight haze is within range. Cloudy effluent means the media is nearing the end of its life or the outlet filter is partly blocked. Check the outlet filter first, since clearing it on site resolves most cases without a media change.",1,"Service Point, manager / Flo","interface copy"
"Client, system owner",1,"shell / top bar","interface copy"
"Cold weather site access",1,"Service Point, manager / Flo","mock data, do not translate"
"Comes off truck stock",1,"Service Point, technician / Work order detail","interface copy"
"Commerce runs through one adapter, so the platform choice stays open. Prices come from the ERP. Tax is deliberately not calculated here.",1,"Client, system owner / Parts store","interface copy"
"COMMISSIONED",1,"Client, before install / Handover to owner","interface copy"
"Commissioned and running. Service Point Estrie looks after it from here.",1,"Client, before install / Handover to owner","interface copy"
"Committed work at risk",1,"Service Point, manager / Team and capacity","interface copy"
"Competitor system compatibility",1,"PTWE Global / Digital adoption and Flo analytics","interface copy"
"COMPLETE",3,"Service Point, technician / My day; Service Point, technician / Route and schedule; Service Point, manager / Dispatch board","interface copy"
"Complete job",1,"Service Point, technician / Work order detail","interface copy"
"Completion date",1,"Client, system owner / Transfer ownership","interface copy"
"Confined space",1,"Service Point, manager / Team and capacity","interface copy"
"Confirm",1,"Service Point, manager / Dispatch board","interface copy"
"Confirmed with the customer. Call the Service Point before moving it.",1,"Service Point, technician / Route and schedule","interface copy"
"Consumption over the next four weeks is read from scheduled filter media replacement work, so it moves when the schedule moves. A quarterly average would not.",1,"Service Point, manager / Inventory","interface copy"
"CONTACTED",1,"Service Point, manager / Leads","interface copy"
"Control panel is the original",1,"Service Point, technician / Field quote","interface copy"
"Could be switched on today",1,"PTWE Global / Service Point readiness","interface copy"
"Could not be answered",1,"PTWE Global / Digital adoption and Flo analytics","interface copy"
"Cover",1,"Client, system owner / Maintenance contract","interface copy"
"Covered by Proactive Care",1,"Client, system owner / Book an appointment","interface copy"
"Covering since",1,"Client, system owner / Maintenance contract","interface copy"
"Covers to 14 May 2027",1,"Client, system owner / Invoices and payment","interface copy"
"Cowansville. Not sure yet.",1,"Service Point, manager / Leads","interface copy"
"CTL-PANEL-2",1,"Service Point, technician / Field quote","mock data, do not translate"
"Current brand",1,"shell / top bar","interface copy"
"Customer",1,"Service Point, manager / Customers","interface copy"
"Customer and system records complete",1,"PTWE Global / Service Point readiness","interface copy"
"Customer rating",2,"Service Point, manager / Service Point dashboard; PTWE Global / Benchmarking and alerts","interface copy"
"Customer rating is 0.3 behind Laurentides, on $2.6M of revenue against $1.9M.",1,"PTWE Global / Benchmarking and alerts","interface copy"
"Customer signature",1,"Service Point, technician / Work order detail","interface copy"
"Customers",2,"shell / nav, Service Point, manager; Service Point, manager / Customers","interface copy"
"Damage from something outside the system, and parts you order for yourself. We tell you before any work that falls outside the plan, never after.",1,"Client, system owner / Maintenance contract","interface copy"
"Dashboard",1,"shell / nav, Service Point, manager","interface copy"
"Decisions, not notifications",1,"Service Point, manager / Service Point dashboard","interface copy"
"demo: go online",1,"Service Point, technician / Work order detail","interface copy"
"Denis Gagnon",5,"Service Point, technician / My day; Service Point, technician / Route and schedule; Service Point, manager / Service Point dashboard; Service Point, manager / Dispatch board; Service Point, manager / Customers","mock data, do not translate"
"Depot stock value",1,"Service Point, manager / Inventory","interface copy"
"Derived, not averaged",1,"Service Point, manager / Inventory","interface copy"
"Diagnostics, updated 30 November",1,"Service Point, manager / Flo","interface copy"
"DIGITAL",1,"Service Point, manager / MARCOM catalogue","interface copy"
"Digital strategy",1,"PTWE Global / Digital adoption and Flo analytics","interface copy"
"Dispatch",2,"shell / nav, Service Point, manager; Service Point, manager / Dispatch board","interface copy"
"Dispatch board",1,"Service Point, manager / Service Point dashboard","interface copy"
"Distance from target",1,"PTWE Global / Strategic mix tracker","interface copy"
"Distance to the lake",1,"Client, before install / Soil test and report","interface copy"
"Do I need a permit to replace a system in Quebec?",1,"Service Point, manager / Flo","interface copy"
"Documents",1,"Client, system owner / My system","interface copy"
"Documents indexed",1,"PTWE Global / Digital adoption and Flo analytics","interface copy"
"DONE",1,"Client, before install / Installation and project tracking","interface copy"
"Door hanger, septic care",1,"Service Point, manager / MARCOM catalogue","mock data, do not translate"
"Drawings finished and checked against your soil test",1,"Client, before install / Installation and project tracking","interface copy"
"Drill in",1,"PTWE Global / Network overview","interface copy"
"Due now",1,"Client, system owner / Recommended for your property","interface copy"
"During the absence",1,"Service Point, manager / Team and capacity","interface copy"
"E-commerce attach",1,"PTWE Global / Digital adoption and Flo analytics","interface copy"
"Each figure against the region average",1,"PTWE Global / Region and Service Point drill","interface copy"
"Each theme is a document that does not exist yet. Writing the top two would close three fifths of the gap without touching the model.",1,"PTWE Global / Digital adoption and Flo analytics","interface copy"
"Earliest first",1,"Service Point, technician / Route and schedule","interface copy"
"EC-5",2,"Client, system owner / My system; Service Point, manager / Customers","mock data, do not translate"
"EC-5, serial EC5-19-QC-88214",1,"Service Point, technician / Work order detail","interface copy"
"EC-6",1,"Service Point, manager / Customers","mock data, do not translate"
"EC5-17-QC-70118",1,"Service Point, manager / Customers","mock data, do not translate"
"EC5-19-QC-88214",2,"Client, system owner / My system; Service Point, manager / Customers","mock data, do not translate"
"EC6-21-QC-10442",1,"Service Point, manager / Customers","mock data, do not translate"
"Ecoflo compact biofilter",4,"Client, before install / Your solution and quote; Client, system owner / Home; Client, system owner / My system; Client, system owner / Transfer ownership","mock data, do not translate"
"Ecoflo compact biofilter, EC-5",1,"Client, system owner / Messages","interface copy"
"Effluent clarity",1,"Service Point, technician / Work order detail","mock data, do not translate"
"Effluent clarity, acceptable ranges",1,"Service Point, manager / Flo","mock data, do not translate"
"Effluent pump is drawing hard",1,"Service Point, technician / Field quote","interface copy"
"Effluent pump, 1/2 hp",2,"Client, system owner / Parts store; Service Point, manager / Inventory","mock data, do not translate"
"Effluent pumps below the reorder point",1,"Service Point, manager / Service Point dashboard","interface copy"
"Either the territory is being covered inefficiently or the job mix skews to low value work.",1,"PTWE Global / Benchmarking and alerts","interface copy"
"Electrical, basic",1,"Service Point, manager / Team and capacity","interface copy"
"Email",1,"Client, before install / Intake","interface copy"
"End the plan",1,"Client, system owner / Maintenance contract","interface copy"
"Estrie",6,"PTWE Global / Network overview; PTWE Global / Region and Service Point drill; PTWE Global / Strategic mix tracker; PTWE Global / Digital adoption and Flo analytics; PTWE Global / Benchmarking and alerts; PTWE Global / Service Point readiness","mock data, do not translate"
"Every alert below is a gap against something another Service Point is already doing.",1,"PTWE Global / Benchmarking and alerts","interface copy"
"Every invoice points at the visit or the order that caused it. Tap one to see what happened.",1,"Client, system owner / Invoices and payment","interface copy"
"Every lead carries where it came from. That is what lets the MARCOM screen show leads generated per campaign rather than just what was ordered.",1,"Service Point, manager / Leads","interface copy"
"Every order here is attributed back to the CRM, which is what makes the leads figure a closed loop rather than a claim. Without it this screen is shopping.",1,"Service Point, manager / MARCOM catalogue","interface copy"
"Every Service Point",1,"PTWE Global / Benchmarking and alerts","interface copy"
"Everything",1,"Client, system owner / Parts store","interface copy"
"Everything from here, the soil test, the quote, the install and the paperwork, lives in this one place. You will not have to explain yourself twice.",1,"Client, before install / Request received, team assigned","interface copy"
"Everything so far",1,"Client, system owner / Invoices and payment","interface copy"
"Everything that has happened",1,"Client, system owner / My system","interface copy"
"Everything you have been charged, and what it was for.",1,"Client, system owner / Invoices and payment","interface copy"
"Excavation",1,"Service Point, manager / Team and capacity","interface copy"
"Expires 09 / 2028",1,"Client, system owner / Invoices and payment","interface copy"
"Farida Haddad",1,"Service Point, manager / Leads","mock data, do not translate"
"Field operations, updated 19 January",1,"Service Point, manager / Flo","interface copy"
"Filter media and the annual check are already covered. Only quote what falls outside it.",1,"Service Point, technician / Field quote","interface copy"
"Filter media replaced",1,"Service Point, technician / Work order detail","mock data, do not translate"
"Filter media replacement",3,"Client, system owner / Maintenance contract; Service Point, manager / Inventory; Service Point, manager / Team and capacity","interface copy"
"Filter media replacement procedure, EC-5 and EC-6",1,"Service Point, manager / Flo","mock data, do not translate"
"Filter media replacement when due",2,"Client, before install / Handover to owner; Client, system owner / Maintenance contract","mock data, do not translate"
"Filter media replacement, EC-5",1,"Service Point, technician / My day","interface copy"
"Filter media, coconut husk",1,"Service Point, technician / Work order detail","mock data, do not translate"
"Filter media, coconut husk, EC-5",2,"Client, system owner / Parts store; Service Point, manager / Inventory","mock data, do not translate"
"Filter media, coconut husk, EC-6",1,"Service Point, manager / Inventory","mock data, do not translate"
"Filtered to the EC-5, so nothing here will arrive and not fit.",1,"Client, system owner / Parts store","interface copy"
"FINE",1,"Service Point, manager / Team and capacity","interface copy"
"First year of care",1,"Client, before install / Your solution and quote","mock data, do not translate"
"Fits my EC-5",1,"Client, system owner / Parts store","interface copy"
"FIXED",1,"Service Point, technician / Route and schedule","interface copy"
"Flo",3,"shell / nav, Service Point, technician; shell / nav, Service Point, manager; Service Point, manager / Flo","interface copy"
"Flo answers only from indexed documents and cites them. An unanswered question is therefore a content gap rather than a model failure, which is what makes this number actionable.",1,"PTWE Global / Digital adoption and Flo analytics","interface copy"
"FM-EC5-COCO",3,"Client, system owner / Parts store; Service Point, technician / Work order detail; Service Point, manager / Inventory","mock data, do not translate"
"FM-EC5-COCO, FM-EC6-COCO, PMP-EFF-12, FM-EC5-COCO, LID-SEAL-05 will not cover the next four weeks",1,"Service Point, manager / Inventory","interface copy"
"FM-EC6-COCO",1,"Service Point, manager / Inventory","mock data, do not translate"
"For the EC-5",1,"Client, system owner / My system","interface copy"
"For your Ecoflo compact biofilter, EC-5.",1,"Client, system owner / Maintenance contract","interface copy"
"For your property",1,"Client, system owner / Recommended for your property","interface copy"
"For your records",1,"Client, before install / Soil test and report","interface copy"
"Forecast 28d",1,"Service Point, manager / Inventory","interface copy"
"Found something outside the contract",1,"Service Point, technician / Work order detail","interface copy"
"Four periods",1,"PTWE Global / Strategic mix tracker","interface copy"
"Four questions. We do the soil test, the design and the quote from there.",1,"Client, before install / Intake","interface copy"
"Four steps",1,"Client, before install / Request received, team assigned","interface copy"
"Four things we measured",1,"Client, before install / Soil test and report","interface copy"
"Free",1,"Service Point, manager / Team and capacity","interface copy"
"From",1,"Service Point, manager / Flo","interface copy"
"From Ownership transfer",1,"Service Point, manager / Leads","interface copy"
"From Pumping visit",1,"Service Point, manager / Leads","interface copy"
"From Referral",1,"Service Point, manager / Leads","interface copy"
"From site",1,"Client, before install / Installation and project tracking","interface copy"
"From these figures",1,"PTWE Global / Region and Service Point drill","interface copy"
"From Website",1,"Service Point, manager / Leads","interface copy"
"FY25",1,"PTWE Global / Strategic mix tracker","mock data, do not translate"
"FY26",1,"PTWE Global / Strategic mix tracker","mock data, do not translate"
"FY27 YTD",1,"PTWE Global / Strategic mix tracker","mock data, do not translate"
"Gained since FY24",1,"PTWE Global / Strategic mix tracker","interface copy"
"Gas meter switched on and bumped",1,"Service Point, technician / Pre-job safety check","interface copy"
"Gas reading",1,"Service Point, technician / Pre-job safety check","interface copy"
"Gates",1,"PTWE Global / Service Point readiness","interface copy"
"Generated from the checklist",1,"Service Point, technician / Work order detail","interface copy"
"Getting started",1,"Client, before install / Intake","interface copy"
"Gloves, eye protection and boots on",1,"Service Point, technician / Pre-job safety check","interface copy"
"Go to my system",1,"Client, before install / Handover to owner","interface copy"
"Goes with the property",1,"Client, system owner / Transfer ownership","interface copy"
"Good question, and thanks for flagging it early. We need a clear path to the lid on the day. If the drive is not ploughed we can either shift the visit to a thaw week or you can clear a path the day before. We will call you two days ahead either way so it is never a surprise.",1,"Client, system owner / Messages","interface copy"
"Granby. Buying or selling.",1,"Service Point, manager / Leads","interface copy"
"Hand them the device. Declining is a normal outcome and is recorded properly, so nobody chases them about it afterwards.",1,"Service Point, technician / Field quote","interface copy"
"Handover",2,"Client, before install / Installation and project tracking; Client, before install / Handover to owner","interface copy"
"Hélène Fortin",5,"Service Point, technician / My day; Service Point, technician / Route and schedule; Service Point, manager / Service Point dashboard; Service Point, manager / Dispatch board; Service Point, manager / Customers","mock data, do not translate"
"Hélène Fortin, last message 2026-07-24",1,"Service Point, manager / Service Point dashboard","interface copy"
"High in spring",1,"Client, before install / Soil test and report","interface copy"
"Home",1,"shell / nav, Client, system owner","interface copy"
"How deep we can dig",1,"Client, before install / Soil test and report","interface copy"
"How do we reach you?",1,"Client, before install / Intake","interface copy"
"How fast the ground drains",1,"Client, before install / Soil test and report","interface copy"
"How the forecast is built",1,"Service Point, manager / Inventory","interface copy"
"How this is generated is undecided",1,"Service Point, technician / Work order detail","interface copy"
"How this is measured",1,"PTWE Global / Strategic mix tracker","interface copy"
"How this list works",1,"Service Point, technician / My day","interface copy"
"How this quote is assembled is undecided",1,"Client, before install / Your solution and quote","interface copy"
"How we decide what to put here",1,"Client, system owner / Recommended for your property","interface copy"
"How you pay",1,"Client, system owner / Invoices and payment","interface copy"
"Hydrogen sulphide, limit 10 ppm",1,"Service Point, technician / Pre-job safety check","interface copy"
"I agree to transfer the system, its warranty and its service history to the person named above, and I confirm they are buying this property. My contact details, invoices and messages are not shared.",1,"Client, system owner / Transfer ownership","interface copy"
"I am building",1,"Client, before install / Intake","interface copy"
"I am buying or selling",1,"Client, before install / Intake","interface copy"
"I am not sure",1,"Client, before install / Intake","interface copy"
"I carried out these checks myself, at this property, just now.",1,"Service Point, technician / Pre-job safety check","interface copy"
"I have a question",1,"Client, system owner / Book an appointment","interface copy"
"If the day slips",1,"Service Point, technician / Route and schedule","interface copy"
"If we have been out to the property, your findings and your quote are waiting.",1,"Client, before install / Request received, team assigned","interface copy"
"If you are getting other quotes",1,"Client, before install / Soil test and report","interface copy"
"If you want to change it",1,"Client, system owner / Maintenance contract","interface copy"
"in 11 days",1,"Client, system owner / Book an appointment","interface copy"
"in 13 days",1,"Client, system owner / Book an appointment","interface copy"
"in 6 days",1,"Client, system owner / Book an appointment","interface copy"
"in 7 days",1,"Client, system owner / Book an appointment","interface copy"
"In progress 3",1,"Service Point, manager / Leads","interface copy"
"In the prototype this switches the role. For a real customer it is the same screen they were already on. Installed against QTE-2026-0331. Warranty and documents live under My system.",1,"Client, before install / Handover to owner","interface copy"
"Included",2,"Client, before install / Your solution and quote; Client, system owner / Maintenance contract","interface copy"
"Included in your care plan",1,"Client, system owner / Book an appointment","interface copy"
"Inspection lid seal",3,"Client, system owner / Parts store; Service Point, technician / Work order detail; Service Point, manager / Inventory","mock data, do not translate"
"Inspection, EC-6",1,"Service Point, technician / My day","interface copy"
"Installation",2,"Client, before install / Installation and project tracking; Service Point, manager / Team and capacity","interface copy"
"Installation certificate",1,"Client, system owner / My system","interface copy"
"Installation date and warranty",1,"Client, system owner / Transfer ownership","interface copy"
"Installation, crew and equipment",1,"Client, before install / Your solution and quote","mock data, do not translate"
"Installed",2,"Client, system owner / My system; Client, system owner / Transfer ownership","interface copy"
"Installed, tested and signed off",1,"Client, before install / Handover to owner","interface copy"
"Installer",2,"Client, before install / Request received, team assigned; Service Point, manager / Team and capacity","interface copy"
"Installer, Service Point Estrie",1,"Client, before install / Installation and project tracking","interface copy"
"INV-2025-0942",1,"Client, system owner / Invoices and payment","mock data, do not translate"
"INV-2026-00871",1,"Client, system owner / Invoices and payment","mock data, do not translate"
"INV-2026-1188",1,"Client, system owner / Invoices and payment","mock data, do not translate"
"Inventory",2,"shell / nav, Service Point, manager; Service Point, manager / Inventory","interface copy"
"Invoice history",1,"Client, system owner / Invoices and payment","interface copy"
"Invoices",1,"Client, system owner / Home","interface copy"
"Invoices and payment",1,"Client, system owner / Invoices and payment","interface copy"
"It handles being left unused for months and coming back to full load on a long weekend.",1,"Client, before install / Your solution and quote","interface copy"
"It is bolted into the ground",1,"Client, system owner / Transfer ownership","interface copy"
"It rises with the thaw. Whatever we install has to keep working when the ground is saturated.",1,"Client, before install / Soil test and report","interface copy"
"Itemised",1,"Client, before install / Your solution and quote","interface copy"
"Jobs today",1,"Service Point, technician / My day","interface copy"
"KB-101",1,"Service Point, manager / Flo","mock data, do not translate"
"KB-118",1,"Service Point, manager / Flo","mock data, do not translate"
"KB-124",1,"Service Point, manager / Flo","mock data, do not translate"
"KB-203",1,"Service Point, manager / Flo","mock data, do not translate"
"Keeping it that way",1,"Client, before install / Handover to owner","interface copy"
"Lac-Brome, EC-5, 1 hour 30",1,"Service Point, manager / Dispatch board","interface copy"
"Last visit",1,"Client, system owner / My system","interface copy"
"Laurentides",5,"PTWE Global / Network overview; PTWE Global / Strategic mix tracker; PTWE Global / Digital adoption and Flo analytics; PTWE Global / Benchmarking and alerts; PTWE Global / Service Point readiness","mock data, do not translate"
"Laurentides, Québec Nord",1,"PTWE Global / Benchmarking and alerts","interface copy"
"Lead and lag",1,"PTWE Global / Strategic mix tracker","interface copy"
"LEAD-2026-1187",2,"Client, before install / Request received, team assigned; Service Point, manager / Leads","mock data, do not translate"
"LEAD-2026-1192",1,"Service Point, manager / Leads","mock data, do not translate"
"LEAD-2026-1198",1,"Service Point, manager / Leads","mock data, do not translate"
"LEAD-2026-1203",1,"Service Point, manager / Leads","mock data, do not translate"
"Leading indicator",1,"PTWE Global / Digital adoption and Flo analytics","interface copy"
"Leads",2,"shell / nav, Service Point, manager; Service Point, manager / Leads","interface copy"
"Led by LT and MB.",1,"PTWE Global / Region and Service Point drill","interface copy"
"Levelled, seeded and cleaned. You should not be able to tell we were there.",1,"Client, before install / Installation and project tracking","interface copy"
"Lid and seal condition",1,"Service Point, technician / Work order detail","mock data, do not translate"
"LID-SEAL-05",4,"Client, system owner / Parts store; Client, system owner / Recommended for your property; Service Point, technician / Work order detail; Service Point, manager / Inventory","mock data, do not translate"
"Lines short against forecast",1,"Service Point, manager / Inventory","interface copy"
"Lines tracked",1,"Service Point, manager / Inventory","interface copy"
"Load today, and qualifications",1,"Service Point, manager / Team and capacity","interface copy"
"Local search campaign, 30 days",1,"Service Point, manager / MARCOM catalogue","mock data, do not translate"
"Lodged with the municipality. We chase it, you do not have to.",1,"Client, before install / Installation and project tracking","interface copy"
"Lone working check in done",1,"Service Point, technician / Pre-job safety check","interface copy"
"Looking after you",1,"Client, before install / Request received, team assigned","interface copy"
"Louis Tremblay",4,"Client, before install / Request received, team assigned; Client, before install / Your solution and quote; Client, system owner / Home; Client, system owner / Messages","mock data, do not translate"
"Louis Tremblay, Service Point Estrie",1,"Client, before install / Your solution and quote","interface copy"
"Magog, EC-6, 45 minutes",1,"Service Point, manager / Dispatch board","interface copy"
"Maintenance, EC-5",1,"Service Point, technician / My day","interface copy"
"Maintenance, updated 11 February",1,"Service Point, manager / Flo","interface copy"
"Marc Bouchard",7,"Client, before install / Request received, team assigned; Client, before install / Soil test and report; Client, before install / Installation and project tracking; Client, system owner / Home; Service Point, manager / Service Point dashboard; Service Point, manager / Dispatch board; Service Point, manager / Team and capacity","mock data, do not translate"
"Marc Bouchard tested your land",1,"Client, before install / Soil test and report","interface copy"
"Marc Bouchard, Service Point Estrie",1,"Client, system owner / Home","interface copy"
"Marc Bouchard, WO-2026-0412. Records stay on the device until they sync.",1,"Service Point, technician / Work order detail","interface copy"
"Marc is on the way",1,"Client, system owner / Home","interface copy"
"MARCOM",1,"shell / nav, Service Point, manager","interface copy"
"MARCOM catalogue",1,"Service Point, manager / MARCOM catalogue","interface copy"
"Markers sit at their true coordinates, but there is no province outline behind them: the prototype makes no external calls, so a boundary file has to be bundled and none was supplied. Drawing an invented Québec would look finished and be wrong.",1,"PTWE Global / Network overview","interface copy"
"MERCHANDISE",1,"Service Point, manager / MARCOM catalogue","interface copy"
"Message Marc",1,"Client, system owner / Home","interface copy"
"Message response under one working day",1,"PTWE Global / Service Point readiness","interface copy"
"Messages",1,"Client, system owner / Messages","interface copy"
"Minimum 1",1,"Service Point, manager / MARCOM catalogue","interface copy"
"Minimum 10",1,"Service Point, manager / MARCOM catalogue","interface copy"
"Minimum 5",1,"Service Point, manager / MARCOM catalogue","interface copy"
"Minimum 500",1,"Service Point, manager / MARCOM catalogue","interface copy"
"MIX ABOVE TARGET",1,"PTWE Global / Network overview","interface copy"
"MIX BELOW TARGET",2,"PTWE Global / Network overview; PTWE Global / Region and Service Point drill","interface copy"
"Mix tracker",1,"shell / nav, PTWE Global","interface copy"
"Model",1,"Client, system owner / My system","interface copy"
"Montérégie",6,"PTWE Global / Network overview; PTWE Global / Region and Service Point drill; PTWE Global / Strategic mix tracker; PTWE Global / Digital adoption and Flo analytics; PTWE Global / Benchmarking and alerts; PTWE Global / Service Point readiness","mock data, do not translate"
"Montérégie, Québec Sud",1,"PTWE Global / Benchmarking and alerts","interface copy"
"Move",1,"Service Point, manager / Dispatch board","interface copy"
"Move the renewal date",1,"Client, system owner / Maintenance contract","interface copy"
"Moving out",1,"Client, system owner / My system","interface copy"
"Municipal permit variation by region",1,"PTWE Global / Digital adoption and Flo analytics","interface copy"
"My day",2,"shell / nav, Service Point, technician; Service Point, technician / My day","interface copy"
"My system",1,"shell / nav, Client, system owner","interface copy"
"My system is failing",1,"Client, before install / Intake","interface copy"
"N/A",1,"Client, system owner / Parts store","interface copy"
"Needs a call 1",1,"Service Point, manager / Leads","interface copy"
"Needs attention",1,"Service Point, manager / Dispatch board","interface copy"
"Needs you today",1,"Service Point, manager / Service Point dashboard","interface copy"
"Network",2,"shell / nav, PTWE Global; PTWE Global / Network overview","interface copy"
"Network overview",1,"PTWE Global / Network overview","interface copy"
"Network portal activation is currently 41%, which is a ceiling set by the Service Points already switched on rather than by customer appetite.",1,"PTWE Global / Service Point readiness","interface copy"
"Network revenue",1,"PTWE Global / Network overview","interface copy"
"Network share against the 35 percent target",1,"PTWE Global / Strategic mix tracker","interface copy"
"NEW",1,"Service Point, manager / Leads","interface copy"
"New construction, no system yet",1,"Client, before install / Intake","interface copy"
"Newest first",1,"Service Point, manager / Leads","interface copy"
"NEXT",1,"Client, before install / Request received, team assigned","interface copy"
"Next charge",1,"Client, system owner / Invoices and payment","interface copy"
"Next visit",1,"Client, system owner / Messages","interface copy"
"No charge",1,"Client, system owner / Recommended for your property","interface copy"
"NO CHARGE",1,"Client, system owner / Recommended for your property","interface copy"
"No ice, no soft ground at the edge of the excavation",1,"Service Point, technician / Pre-job safety check","interface copy"
"NO PLAN",1,"Service Point, manager / Customers","interface copy"
"No portal account yet",1,"Service Point, manager / Leads","interface copy"
"No rush",1,"Client, system owner / Recommended for your property","interface copy"
"No signal in this basement. Everything you record is saved on the device and syncs when you are back in range.",1,"Service Point, technician / Work order detail","interface copy"
"None",1,"Service Point, manager / Customers","interface copy"
"None on file",1,"Service Point, manager / Customers","interface copy"
"NOT CONFIRMED",1,"Service Point, manager / Dispatch board","interface copy"
"Not covered",1,"Client, system owner / Maintenance contract","interface copy"
"Not drawn yet",1,"Service Point, technician / Route and schedule","interface copy"
"Not far",1,"Client, before install / Soil test and report","interface copy"
"Not interested",1,"Client, system owner / Recommended for your property","interface copy"
"NOT READY",1,"PTWE Global / Digital adoption and Flo analytics","interface copy"
"Not taken",1,"Service Point, technician / Pre-job safety check","interface copy"
"NOT TAKEN",1,"Service Point, technician / Pre-job safety check","interface copy"
"Not today",1,"Service Point, technician / Field quote","interface copy"
"Not yet confirmed. Can be moved without a call.",1,"Service Point, technician / Route and schedule","interface copy"
"Noted on your property record, so whoever is scheduling next winter will see it without you having to explain again.",1,"Client, system owner / Messages","interface copy"
"Nothing",1,"Client, system owner / Invoices and payment","interface copy"
"Nothing booked. Available for anything that needs moving.",1,"Service Point, manager / Dispatch board","interface copy"
"Nothing booked. Available for overflow.",1,"Service Point, manager / Service Point dashboard","interface copy"
"Nothing charged yet",1,"Client, before install / Installation and project tracking","interface copy"
"Nothing is needed from you, and this does not change what you were quoted.",1,"Client, before install / Installation and project tracking","interface copy"
"Nothing needs your attention. We check it at every visit.",1,"Client, system owner / My system","interface copy"
"Nothing outstanding",1,"Client, system owner / Home","interface copy"
"Nothing selected",1,"Service Point, technician / Field quote","interface copy"
"Nothing selected yet",1,"Service Point, technician / Field quote","interface copy"
"Nothing to sign up for and nothing to re-enter. The account you have been using to follow the project becomes the account you use to run the system. Your soil test, your design and your permit stay with it.",1,"Client, before install / Handover to owner","interface copy"
"Observations",1,"Service Point, technician / Work order detail","mock data, do not translate"
"Odour after heavy rain",1,"Service Point, manager / Service Point dashboard","mock data, do not translate"
"of activated customers have ordered a part through the portal",1,"PTWE Global / Digital adoption and Flo analytics","interface copy"
"Of all visits booked",1,"PTWE Global / Digital adoption and Flo analytics","interface copy"
"of customers with a system have activated an account",1,"PTWE Global / Digital adoption and Flo analytics","interface copy"
"Of customers with an installed system",1,"PTWE Global / Digital adoption and Flo analytics","interface copy"
"of visits are booked by the customer rather than by phone",1,"PTWE Global / Digital adoption and Flo analytics","interface copy"
"OK",1,"Service Point, manager / Inventory","interface copy"
"Oldest from 2026-07-23",1,"Service Point, manager / Service Point dashboard","interface copy"
"On arrival",1,"Service Point, technician / Work order detail","interface copy"
"On hand",1,"Service Point, manager / Inventory","interface copy"
"On site",1,"Service Point, technician / Work order detail","interface copy"
"On the tank and the filter media",1,"Client, before install / Handover to owner","interface copy"
"On the way",1,"Service Point, technician / Work order detail","interface copy"
"ON THE WAY",3,"Service Point, technician / My day; Service Point, technician / Route and schedule; Service Point, manager / Dispatch board","interface copy"
"One conversation with the team who looks after your system.",1,"Client, system owner / Messages","interface copy"
"One place to reach us",1,"Client, before install / Handover to owner","interface copy"
"One qualification is a single point of failure",1,"Service Point, manager / Team and capacity","interface copy"
"One team owns your whole job, from the first visit to the last. They cover a 180 km area around Bromont.",1,"Client, before install / Request received, team assigned","interface copy"
"Only your own records: the age of your system, what technicians recorded on site, and what your Proactive Care already covers. We do not put something here because other customers bought it.",1,"Client, system owner / Recommended for your property","interface copy"
"Open",1,"Service Point, manager / Customers","interface copy"
"OPEN",1,"Service Point, manager / Service Point dashboard","interface copy"
"Open cases",2,"PTWE Global / Network overview; PTWE Global / Benchmarking and alerts","interface copy"
"Open cases at this level usually mean response time, not volume.",1,"PTWE Global / Benchmarking and alerts","interface copy"
"Open cases is 7.0 above Laurentides, on $2.6M of revenue against $1.9M.",1,"PTWE Global / Benchmarking and alerts","interface copy"
"Optional",1,"Service Point, technician / Work order detail","interface copy"
"ORD-2025-0942",1,"Client, system owner / Invoices and payment","mock data, do not translate"
"ORD-2026-1188",1,"Client, system owner / Invoices and payment","mock data, do not translate"
"Order",1,"Service Point, manager / MARCOM catalogue","interface copy"
"Order local marketing, then see what it generated.",1,"Service Point, manager / MARCOM catalogue","interface copy"
"Outside the absence window.",1,"Service Point, manager / Team and capacity","interface copy"
"Outstanding",1,"Client, system owner / Invoices and payment","interface copy"
"Owner guide",1,"Client, system owner / My system","interface copy"
"PAID",1,"Client, system owner / Invoices and payment","interface copy"
"Paid this year",1,"Client, system owner / Invoices and payment","interface copy"
"Part",1,"Service Point, manager / Inventory","interface copy"
"Parts",2,"shell / nav, Client, system owner; Client, system owner / Parts store","interface copy"
"Parts and filters",1,"Client, system owner / Parts store","interface copy"
"Parts discount",2,"Client, before install / Handover to owner; Client, system owner / Maintenance contract","mock data, do not translate"
"Parts order",2,"Client, system owner / My system; Client, system owner / Invoices and payment","mock data, do not translate"
"Parts used",1,"Service Point, technician / Work order detail","interface copy"
"Payment method",1,"Client, system owner / Invoices and payment","interface copy"
"Per year",2,"Client, before install / Handover to owner; Client, system owner / Maintenance contract","interface copy"
"Permit filed",1,"Client, before install / Installation and project tracking","interface copy"
"Phone",1,"Client, before install / Intake","interface copy"
"Photo, system after",1,"Service Point, technician / Work order detail","mock data, do not translate"
"Photo, system before",1,"Service Point, technician / Work order detail","mock data, do not translate"
"Photograph what you found",1,"Service Point, technician / Field quote","interface copy"
"Photos",1,"Client, before install / Installation and project tracking","interface copy"
"Photos will appear here once work starts on the property.",1,"Client, before install / Installation and project tracking","interface copy"
"Pick a window and Service Point Estrie will confirm it.",1,"Client, system owner / Book an appointment","interface copy"
"Plan reference",1,"Client, system owner / Maintenance contract","interface copy"
"Platform undecided",1,"Client, system owner / Parts store","interface copy"
"PMP-EFF-12",3,"Client, system owner / Parts store; Service Point, technician / Field quote; Service Point, manager / Inventory","mock data, do not translate"
"Portal",1,"shell / top bar","interface copy"
"Portal activation",1,"PTWE Global / Digital adoption and Flo analytics","interface copy"
"Portal adoption cannot move here until the underlying data is cleaned up.",1,"PTWE Global / Benchmarking and alerts","interface copy"
"Portal readiness",2,"Service Point, manager / Service Point dashboard; PTWE Global / Benchmarking and alerts","interface copy"
"Portal readiness is 13.0% behind Laurentides, on $2.6M of revenue against $1.9M.",1,"PTWE Global / Benchmarking and alerts","interface copy"
"Pre-job safety check",1,"Service Point, technician / Work order detail","interface copy"
"Prices come from the ERP. Which quoting platform assembles them, and how pricing governance works, is an open decision, so the shape of this record is provisional.",1,"Client, before install / Your solution and quote","interface copy"
"Pricing and trade-in allowances",1,"PTWE Global / Digital adoption and Flo analytics","interface copy"
"PRINT",1,"Service Point, manager / MARCOM catalogue","interface copy"
"Priority response within 48h",2,"Client, before install / Handover to owner; Client, system owner / Maintenance contract","mock data, do not translate"
"Priya Nadeau",6,"Client, before install / Request received, team assigned; Client, before install / Installation and project tracking; Client, system owner / Home; Service Point, manager / Service Point dashboard; Service Point, manager / Dispatch board; Service Point, manager / Team and capacity","mock data, do not translate"
"Priya Nadeau is away 17 August to 21 August. That leaves one technician qualified for confined space work. Any job needing it that week has no fallback if they are sick.",1,"Service Point, manager / Team and capacity","interface copy"
"Proactive Care",8,"Client, before install / Handover to owner; Client, system owner / Home; Client, system owner / My system; Client, system owner / Maintenance contract; Client, system owner / Transfer ownership; Service Point, technician / My day; Service Point, technician / Work order detail; Service Point, manager / Customers","mock data, do not translate"
"Proactive Care is active",1,"Service Point, technician / Field quote","interface copy"
"Proactive Care, annual",1,"Client, system owner / Invoices and payment","interface copy"
"Project",1,"shell / nav, Client, before install","interface copy"
"Property",1,"Client, before install / Request received, team assigned","interface copy"
"Provincial setback rules leave a narrow band we are allowed to build in, closer to the house than you might expect.",1,"Client, before install / Soil test and report","interface copy"
"QC, CAD",1,"PTWE Global / Region and Service Point drill","interface copy"
"QC, CAD. 1 Service Point.",1,"PTWE Global / Network overview","interface copy"
"QC, CAD. 2 Service Points.",1,"PTWE Global / Network overview","interface copy"
"QTE-2026-0331",1,"Client, before install / Installation and project tracking","mock data, do not translate"
"QTE-2026-0331, issued 24 July 2026",1,"Client, before install / Your solution and quote","interface copy"
"Qualifications and absence are held here for the prototype. Neither has a home in the data model yet, which is a gap worth closing before this ships.",1,"Service Point, manager / Team and capacity","interface copy"
"Québec Nord",2,"PTWE Global / Network overview; PTWE Global / Strategic mix tracker","mock data, do not translate"
"QUÉBEC NORD",1,"PTWE Global / Network overview","interface copy"
"Québec Nord. 1,620 care plans, 4 open cases, rated 4.8.",1,"PTWE Global / Network overview","interface copy"
"Québec Nord. First, as the pilot.",1,"PTWE Global / Service Point readiness","interface copy"
"Quebec permit requirements for replacement systems",1,"Service Point, manager / Flo","mock data, do not translate"
"Québec Sud",3,"PTWE Global / Network overview; PTWE Global / Region and Service Point drill; PTWE Global / Strategic mix tracker","mock data, do not translate"
"QUÉBEC SUD",1,"PTWE Global / Network overview","interface copy"
"Québec Sud. 1,840 care plans, 7 open cases, rated 4.7.",1,"PTWE Global / Network overview","interface copy"
"Québec Sud. 2,210 care plans, 11 open cases, rated 4.5.",1,"PTWE Global / Network overview","interface copy"
"Québec Sud. After the gates above are closed.",1,"PTWE Global / Service Point readiness","interface copy"
"Québec Sud. Once wave 1 has run a full service cycle.",1,"PTWE Global / Service Point readiness","interface copy"
"Question about winter access",1,"Client, system owner / Messages","mock data, do not translate"
"Questions asked, 30 days",1,"PTWE Global / Digital adoption and Flo analytics","interface copy"
"Questions? Ask Louis",1,"Client, before install / Your solution and quote","interface copy"
"Quick question. The driveway is not ploughed in winter and the lid is under snow. Is that a problem for the visit?",1,"Client, system owner / Messages","interface copy"
"Quote",1,"shell / nav, Client, before install","interface copy"
"Quote approved",1,"Client, before install / Installation and project tracking","interface copy"
"Quote extra work",2,"Service Point, technician / Work order detail; Service Point, technician / Field quote","interface copy"
"Quote total",1,"Service Point, technician / Field quote","interface copy"
"QUOTED",1,"Service Point, manager / Leads","interface copy"
"Quoted $14,850, valid 30 days from 24 July",1,"Service Point, manager / Leads","interface copy"
"Rating",2,"Service Point, manager / Team and capacity; PTWE Global / Region and Service Point drill","interface copy"
"Read this part",1,"Client, system owner / Transfer ownership","interface copy"
"Readiness",2,"shell / nav, PTWE Global; PTWE Global / Region and Service Point drill","interface copy"
"Readiness by Service Point",1,"PTWE Global / Digital adoption and Flo analytics","interface copy"
"Reading at the lid, in ppm",1,"Service Point, technician / Pre-job safety check","interface copy"
"READY",2,"PTWE Global / Digital adoption and Flo analytics; PTWE Global / Service Point readiness","interface copy"
"Recommended",1,"Client, before install / Your solution and quote","interface copy"
"Recorded against this job",1,"Service Point, technician / Pre-job safety check","interface copy"
"Reference",1,"Client, before install / Installation and project tracking","interface copy"
"REG-QC-N",1,"PTWE Global / Network overview","mock data, do not translate"
"REG-QC-S",1,"PTWE Global / Network overview","mock data, do not translate"
"region 31.0%",1,"PTWE Global / Region and Service Point drill","interface copy"
"Region service revenue share",1,"PTWE Global / Region and Service Point drill","interface copy"
"Regions",1,"PTWE Global / Network overview","interface copy"
"Regulatory, updated 4 May",1,"Service Point, manager / Flo","interface copy"
"Renews 14 May 2027, in 275 days. Paid automatically.",1,"Client, system owner / Maintenance contract","interface copy"
"REORDER",1,"Service Point, manager / Service Point dashboard","interface copy"
"Reorder before the schedule hits",1,"Service Point, manager / Inventory","interface copy"
"REPORT READY",1,"Client, before install / Soil test and report","interface copy"
"Request",1,"shell / nav, Client, before install","interface copy"
"Request received",1,"Client, before install / Request received, team assigned","interface copy"
"Requested",1,"Client, before install / Request received, team assigned","interface copy"
"Required",1,"Service Point, technician / Work order detail","interface copy"
"Reserved",1,"Service Point, manager / Inventory","interface copy"
"RESOLVED",1,"Client, system owner / Messages","interface copy"
"Revenue",1,"PTWE Global / Region and Service Point drill","interface copy"
"Revenue $1.9M of $2.1M, behind",1,"PTWE Global / Network overview","interface copy"
"Revenue $2.1M of $2.3M, behind",1,"PTWE Global / Network overview","interface copy"
"Revenue $2.6M of $2.5M, ahead",1,"PTWE Global / Network overview","interface copy"
"Revenue per km",3,"Service Point, manager / Service Point dashboard; PTWE Global / Region and Service Point drill; PTWE Global / Benchmarking and alerts","interface copy"
"Revenue per km is 3.2 behind Montérégie, on $2.1M of revenue against $2.6M.",1,"PTWE Global / Benchmarking and alerts","interface copy"
"Revenue per km is 5.5 behind Montérégie, on $1.9M of revenue against $2.6M.",1,"PTWE Global / Benchmarking and alerts","interface copy"
"Revenue, year to date",1,"Service Point, manager / Service Point dashboard","interface copy"
"Riser extension, 6 in",1,"Client, system owner / Parts store","mock data, do not translate"
"Riser is below grade",1,"Service Point, technician / Field quote","interface copy"
"Robert Nolet",1,"Service Point, manager / Leads","mock data, do not translate"
"Role",1,"shell / top bar","interface copy"
"Roll-up banner",1,"Service Point, manager / MARCOM catalogue","mock data, do not translate"
"Rollout",1,"PTWE Global / Service Point readiness","interface copy"
"Route",2,"shell / nav, Service Point, technician; Service Point, technician / Route and schedule","interface copy"
"Rules out a conventional leaching bed",1,"Client, before install / Soil test and report","interface copy"
"Running longer each cycle. It will fail, and it fails in the wet season.",1,"Service Point, technician / Field quote","interface copy"
"Safe footing and clear access to the lid",1,"Service Point, technician / Pre-job safety check","interface copy"
"Same login, new view",1,"Client, before install / Handover to owner","interface copy"
"Sarah and Julien Lavoie",6,"Service Point, technician / My day; Service Point, technician / Work order detail; Service Point, technician / Route and schedule; Service Point, manager / Service Point dashboard; Service Point, manager / Dispatch board; Service Point, manager / Customers","mock data, do not translate"
"Sarah and Julien Lavoie, EC-5. Priced now, while you are standing at it.",1,"Service Point, technician / Field quote","interface copy"
"Sarah Lavoie, on the device",1,"Service Point, technician / Work order detail","interface copy"
"Sarah Lavoie. 148 chemin du Lac, Lac-Brome.",1,"Client, system owner / Home","interface copy"
"Save and pause",1,"Service Point, technician / Work order detail","interface copy"
"SC-2026-00871",2,"Client, system owner / Invoices and payment; Client, system owner / Maintenance contract","mock data, do not translate"
"SCHEDULED",1,"Client, system owner / Maintenance contract","interface copy"
"Scheduled 2026-08-12, 2 parts claimed",1,"Service Point, manager / Inventory","interface copy"
"schematic",1,"PTWE Global / Network overview","interface copy"
"Scoped to your role, 4 documents",1,"Service Point, manager / Flo","interface copy"
"See it in parts",1,"Client, system owner / Recommended for your property","interface copy"
"See the mix tracker",1,"PTWE Global / Benchmarking and alerts","interface copy"
"See the quote",1,"Client, before install / Request received, team assigned","interface copy"
"See the soil test",1,"Client, before install / Request received, team assigned","interface copy"
"See what we recommend",1,"Client, before install / Soil test and report","interface copy"
"Self-serve booking",1,"PTWE Global / Digital adoption and Flo analytics","interface copy"
"Selling the property",1,"Client, system owner / Transfer ownership","interface copy"
"Selling the property? The system, its history and its care plan can move to the new owner.",1,"Client, system owner / My system","interface copy"
"Send",1,"Client, system owner / Messages","interface copy"
"Send a message",1,"Client, system owner / Home","interface copy"
"Send my request",1,"Client, before install / Intake","interface copy"
"Serial number",1,"Client, system owner / My system","interface copy"
"service",1,"PTWE Global / Network overview","interface copy"
"Service history",1,"Client, system owner / My system","interface copy"
"Service history migrated",1,"PTWE Global / Service Point readiness","interface copy"
"Service Point",1,"PTWE Global / Benchmarking and alerts","interface copy"
"Service Point dashboard",1,"Service Point, manager / Service Point dashboard","interface copy"
"Service Point Estrie",10,"Client, before install / Request received, team assigned; Client, system owner / Home; Client, system owner / Messages; Service Point, manager / Service Point dashboard; Service Point, manager / Dispatch board; Service Point, manager / Customers; Service Point, manager / Leads; Service Point, manager / MARCOM catalogue; Service Point, manager / Inventory; Service Point, manager / Team and capacity","mock data, do not translate"
"Service Point Estrie, $2,140,000 of $2,300,000 against target. Figures are mock.",1,"Service Point, manager / Service Point dashboard","interface copy"
"Service Point Estrie, 180 km radius, 4 in the field",1,"PTWE Global / Region and Service Point drill","interface copy"
"Service Point knows you are on site",1,"Service Point, technician / Pre-job safety check","interface copy"
"Service Point manager",2,"Client, before install / Request received, team assigned; Client, system owner / Home","interface copy"
"Service Point Montérégie, 150 km radius, 0 in the field",1,"PTWE Global / Region and Service Point drill","interface copy"
"Service Point readiness",1,"PTWE Global / Service Point readiness","interface copy"
"Service Point stock",1,"Service Point, manager / Inventory","interface copy"
"Service Points",2,"PTWE Global / Network overview; PTWE Global / Region and Service Point drill","interface copy"
"Service Points, around the target",1,"PTWE Global / Strategic mix tracker","interface copy"
"Service revenue as a proportion of everything the network earns.",1,"PTWE Global / Strategic mix tracker","interface copy"
"Service revenue mix",1,"PTWE Global / Strategic mix tracker","interface copy"
"Service revenue share",2,"Service Point, manager / Service Point dashboard; PTWE Global / Benchmarking and alerts","interface copy"
"Service revenue share is 5.2% behind Laurentides, on $2.1M of revenue against $1.9M.",1,"PTWE Global / Benchmarking and alerts","interface copy"
"Service revenue share is 9.5% behind Laurentides, on $2.6M of revenue against $1.9M.",1,"PTWE Global / Benchmarking and alerts","interface copy"
"Service revenue share is service revenue as a proportion of total revenue. All figures are mock.",1,"PTWE Global / Strategic mix tracker","interface copy"
"Service share",2,"PTWE Global / Network overview; PTWE Global / Region and Service Point drill","interface copy"
"Service visit history",1,"Client, system owner / Transfer ownership","interface copy"
"Service visits on record",1,"Client, system owner / Transfer ownership","interface copy"
"Setback rules leave a narrow band to build in. The compact biofilter fits it where a larger field does not.",1,"Client, before install / Your solution and quote","interface copy"
"SHORT",1,"Service Point, manager / Inventory","interface copy"
"Show",1,"Service Point, technician / Work order detail","interface copy"
"Show Sarah",1,"Service Point, technician / Field quote","interface copy"
"Sign off",1,"Service Point, technician / Pre-job safety check","interface copy"
"SIGNAGE",1,"Service Point, manager / MARCOM catalogue","interface copy"
"Signed in as",1,"Client, system owner / Home","interface copy"
"Signed in as Sarah Lavoie. Nothing moves until the new owner accepts, and you can cancel before then.",1,"Client, system owner / Transfer ownership","interface copy"
"Site left clean",1,"Service Point, technician / Work order detail","mock data, do not translate"
"Six stages",1,"Client, before install / Installation and project tracking","interface copy"
"SL",1,"Client, system owner / Messages","interface copy"
"Slowly",1,"Client, before install / Soil test and report","interface copy"
"Smell, noise or a wet patch",1,"Client, system owner / Book an appointment","interface copy"
"Social campaign, 30 days",1,"Service Point, manager / MARCOM catalogue","mock data, do not translate"
"Soil assessment, Bromont",1,"Client, before install / Soil test and report","interface copy"
"Soil test and report",1,"Client, before install / Your solution and quote","mock data, do not translate"
"SOIL TEST BOOKED",1,"Service Point, manager / Leads","interface copy"
"Something else",1,"Client, system owner / Book an appointment","interface copy"
"Something seems off and I want advice",1,"Client, before install / Intake","interface copy"
"Something seems wrong",1,"Client, system owner / Book an appointment","interface copy"
"Start",1,"shell / nav, Client, before install","interface copy"
"Start the job",1,"Service Point, technician / Pre-job safety check","interface copy"
"Start the transfer",1,"Client, system owner / Transfer ownership","interface copy"
"Stays with you",1,"Client, system owner / Transfer ownership","interface copy"
"Step one",2,"Client, before install / Intake; Client, system owner / Book an appointment","interface copy"
"Step three",1,"Client, before install / Intake","interface copy"
"Step two",2,"Client, before install / Intake; Client, system owner / Book an appointment","interface copy"
"Still working. A two stage panel would give an alarm before a failure, not after.",1,"Service Point, technician / Field quote","interface copy"
"Stock levels themselves are mastered in the ERP. This screen reads them and adds the forecast, which is the part the service schedule contributes.",1,"Service Point, manager / Inventory","interface copy"
"Stops in order",1,"Service Point, technician / Route and schedule","interface copy"
"STOPS THE JOB",1,"Service Point, technician / Pre-job safety check","interface copy"
"Stops today",1,"Service Point, technician / Route and schedule","interface copy"
"Strategy",1,"PTWE Global / Strategic mix tracker","interface copy"
"Sunday 23 August",1,"Client, system owner / Book an appointment","interface copy"
"Sutton. New build.",1,"Service Point, manager / Leads","interface copy"
"Synced. Your day works offline once it has loaded.",1,"Service Point, technician / My day","interface copy"
"System",1,"Service Point, manager / Customers","interface copy"
"System design, permits filed for you",1,"Client, before install / Your solution and quote","mock data, do not translate"
"System designed",1,"Client, before install / Installation and project tracking","interface copy"
"Systems of this age start to show partial blockages at the outlet. Yours is 7 years old and has not had one flagged, which is normal, but it is worth looking while we are there.",1,"Client, system owner / Recommended for your property","interface copy"
"Take photo",1,"Service Point, technician / Work order detail","interface copy"
"Take the gas reading before starting.",1,"Service Point, technician / Pre-job safety check","interface copy"
"Take the reading before anything else",1,"Service Point, technician / Pre-job safety check","interface copy"
"Tap a job to open it. The active job stays at the top until it is closed. Anything you record stays on the device until it syncs.",1,"Service Point, technician / My day","interface copy"
"Target",1,"PTWE Global / Strategic mix tracker","interface copy"
"target 35%",1,"PTWE Global / Strategic mix tracker","interface copy"
"Target 35%",2,"PTWE Global / Network overview; PTWE Global / Strategic mix tracker","interface copy"
"Taxes calculated on the invoice",1,"Client, before install / Your solution and quote","interface copy"
"Team",1,"shell / nav, Service Point, manager","interface copy"
"Team and capacity",1,"Service Point, manager / Team and capacity","interface copy"
"Team hoodie",1,"Service Point, manager / MARCOM catalogue","mock data, do not translate"
"Team trained on the technician app",1,"PTWE Global / Service Point readiness","interface copy"
"Team trained on the technician app is the gate failing most often, at Estrie and Montérégie.",1,"PTWE Global / Service Point readiness","interface copy"
"Technician",3,"Client, before install / Request received, team assigned; Client, system owner / Home; Service Point, manager / Team and capacity","interface copy"
"Technician, Service Point Estrie",1,"Client, before install / Installation and project tracking","interface copy"
"Tell us about your property",1,"Client, before install / Intake","interface copy"
"Tell us when we confirm",1,"Client, system owner / Book an appointment","interface copy"
"Thanks, Chloé",1,"Client, before install / Request received, team assigned","interface copy"
"That is not a sales answer. If your soil drained well and the lot were larger, a simpler and cheaper system would be the right call, and we would have said so.",1,"Client, before install / Soil test and report","interface copy"
"That makes it a central problem rather than a local one. Fixing it once unblocks more of the network than working through the lowest scoring Service Point.",1,"PTWE Global / Service Point readiness","interface copy"
"Thaw weeks preferred, noted 2026",1,"Client, system owner / Messages","interface copy"
"The address decides which team looks after you. We cover Estrie, Laurentides, Montérégie.",1,"Client, before install / Intake","interface copy"
"The contract base is comparable, so this is an attach rate question rather than a demand one.",1,"PTWE Global / Benchmarking and alerts","interface copy"
"The drop from activation to booking is the number to move. A customer who activates and then still phones has not been given a reason to return.",1,"PTWE Global / Digital adoption and Flo analytics","interface copy"
"The full report",1,"Client, before install / Soil test and report","interface copy"
"The lot is tight to the lake",1,"Client, before install / Your solution and quote","interface copy"
"The measurements, the method, and the standard they are read against",1,"Client, before install / Soil test and report","interface copy"
"The new owner",1,"Client, system owner / Transfer ownership","interface copy"
"The next technician needs to know what was done",1,"Client, system owner / Transfer ownership","interface copy"
"The property at 148 chemin du Lac",1,"Client, system owner / My system","interface copy"
"The property is seasonal",1,"Client, before install / Your solution and quote","interface copy"
"The run",1,"Service Point, technician / Route and schedule","interface copy"
"The same team looks after every system in this area, including yours.",1,"Client, system owner / Home","interface copy"
"The same team, the same login",1,"Client, before install / Handover to owner","interface copy"
"The same work priced individually",1,"Client, system owner / Maintenance contract","interface copy"
"The seal on your EC-5 is replaced during the visit on 12 August 2026. Keeping a spare means a perished seal is never a reason to book a second visit.",1,"Client, system owner / Recommended for your property","interface copy"
"The soil test and the design",1,"Client, system owner / Transfer ownership","interface copy"
"The soil test, the design, the permit and the install",1,"Client, before install / Handover to owner","interface copy"
"The system and its serial number",1,"Client, system owner / Transfer ownership","interface copy"
"The system at 148 chemin du Lac moves to whoever buys the property. You keep everything that is about you.",1,"Client, system owner / Transfer ownership","interface copy"
"The system we designed for your property",1,"Client, before install / Your solution and quote","interface copy"
"The team",1,"Service Point, manager / Team and capacity","interface copy"
"The test showed a clay layer about 600mm down. A conventional leaching bed would saturate in spring.",1,"Client, before install / Your solution and quote","interface copy"
"The warranty follows the system, not you",1,"Client, system owner / Transfer ownership","interface copy"
"The water table",1,"Client, before install / Soil test and report","interface copy"
"The work",1,"Service Point, technician / Work order detail","interface copy"
"Their decision, on your device",1,"Service Point, technician / Field quote","interface copy"
"Their email",1,"Client, system owner / Transfer ownership","interface copy"
"Their name",1,"Client, system owner / Transfer ownership","interface copy"
"There is a clay layer about 600mm down. Water sits on it rather than soaking away, which is why a conventional leaching bed would flood in spring.",1,"Client, before install / Soil test and report","interface copy"
"There is nothing to pay for the test. It is part of how we work out what your property needs.",1,"Client, before install / Soil test and report","interface copy"
"These are not targets set centrally. They are what a Service Point in this network is achieving right now, which is what makes them hard to argue with.",1,"PTWE Global / Benchmarking and alerts","interface copy"
"These belong to you, not to the land",1,"Client, system owner / Transfer ownership","interface copy"
"They describe the land",1,"Client, system owner / Transfer ownership","interface copy"
"This report is yours. You are welcome to share it with anyone else you are talking to, and you do not need our permission.",1,"Client, before install / Soil test and report","interface copy"
"This shares your system history",1,"Client, system owner / Transfer ownership","interface copy"
"This term",1,"Client, system owner / Maintenance contract","interface copy"
"Three on hand, forecast needs four in the next four weeks",1,"Service Point, manager / Service Point dashboard","interface copy"
"Three reasons",1,"Client, before install / Your solution and quote","interface copy"
"Three Service Points, ranked",1,"PTWE Global / Service Point readiness","interface copy"
"Tight",1,"Client, before install / Soil test and report","interface copy"
"Time and signature",1,"Service Point, technician / Work order detail","interface copy"
"to 14 May",1,"Service Point, manager / Customers","interface copy"
"to 19 September",1,"Service Point, manager / Customers","interface copy"
"To be quoted",1,"Client, before install / Your solution and quote","interface copy"
"TO COME",1,"Client, before install / Installation and project tracking","interface copy"
"TO CONTACT",1,"Service Point, manager / Service Point dashboard","interface copy"
"Today",3,"Client, system owner / Home; Service Point, manager / Service Point dashboard; Service Point, manager / Dispatch board","interface copy"
"Total",1,"Client, before install / Your solution and quote","interface copy"
"Transfer to a new owner",2,"Client, system owner / My system; Client, system owner / Transfer ownership","interface copy"
"Truck positioned so nobody reverses over an open lid",1,"Service Point, technician / Pre-job safety check","interface copy"
"Truck stock",1,"Service Point, manager / Inventory","interface copy"
"Try one of these",1,"Service Point, manager / Flo","interface copy"
"Tuesday 18 August",1,"Client, system owner / Book an appointment","interface copy"
"Tuesday 25 August",1,"Client, system owner / Book an appointment","interface copy"
"Two days on site. We will confirm the dates once the permit clears.",1,"Client, before install / Installation and project tracking","interface copy"
"Type what the meter says. There is no box to tick here on purpose.",1,"Service Point, technician / Pre-job safety check","interface copy"
"UNCONFIRMED",1,"Service Point, manager / Service Point dashboard","interface copy"
"Up 11.7% since FY24. On this trajectory the target lands within two further periods.",1,"PTWE Global / Strategic mix tracker","interface copy"
"Useful if you would rather be billed at a different time of year.",1,"Client, system owner / Maintenance contract","interface copy"
"Utilisation looks comfortable that week. The constraint is a qualification, not hours.",1,"Service Point, manager / Team and capacity","interface copy"
"VALID 11 DAYS",1,"Client, before install / Your solution and quote","interface copy"
"Valid to 14 May 2029",1,"Client, system owner / My system","interface copy"
"Vehicle and site traffic controlled",1,"Service Point, technician / Pre-job safety check","interface copy"
"Vehicle magnet, pair",1,"Service Point, manager / MARCOM catalogue","mock data, do not translate"
"Visit summaries only exist if the field team closes jobs in the tool",1,"PTWE Global / Service Point readiness","interface copy"
"Waiting on the municipality",1,"Client, before install / Installation and project tracking","interface copy"
"WAITING ON THE TOWN",1,"Client, before install / Installation and project tracking","interface copy"
"Warranty edge cases",1,"PTWE Global / Digital adoption and Flo analytics","interface copy"
"Warranty runs to",1,"Client, system owner / Transfer ownership","interface copy"
"Warranty terms",1,"Client, system owner / My system","interface copy"
"Warranty until",1,"Client, system owner / My system","interface copy"
"Water pools over the lid. Adding a 6 inch extension keeps it dry and accessible.",1,"Service Point, technician / Field quote","interface copy"
"Waterloo, EC-5, 1 hour 15",1,"Service Point, manager / Dispatch board","interface copy"
"WAVE 1",1,"PTWE Global / Service Point readiness","interface copy"
"WAVE 2",1,"PTWE Global / Service Point readiness","interface copy"
"WAVE 3",1,"PTWE Global / Service Point readiness","interface copy"
"We are replacing the filter media, which your care plan covers. Nothing is needed from you, and you do not have to be home.",1,"Client, system owner / Home","interface copy"
"We call you",1,"Client, before install / Request received, team assigned","interface copy"
"We design your system and quote it",1,"Client, before install / Request received, team assigned","interface copy"
"We handle the municipality",1,"Client, before install / Request received, team assigned","interface copy"
"We have your request and a team is assigned. Here is what happens next.",1,"Client, before install / Request received, team assigned","interface copy"
"We install, and file the permits",1,"Client, before install / Request received, team assigned","interface copy"
"We ran the system, checked the flow and confirmed the treatment is working. The yard is levelled and seeded, and the permit is closed with the municipality.",1,"Client, before install / Handover to owner","interface copy"
"We reply within one working day. For anything urgent, call the Service Point.",1,"Client, system owner / Messages","interface copy"
"We spent an hour on the property. Here is what the ground told us, in plain language.",1,"Client, before install / Soil test and report","interface copy"
"We visit and test the soil",1,"Client, before install / Request received, team assigned","interface copy"
"We walk you through it and your care plan starts",1,"Client, before install / Installation and project tracking","interface copy"
"We will confirm a window with you nearer the time",1,"Client, before install / Handover to owner","interface copy"
"We will use your address and contact details to assess your property, prepare a quote and arrange the work. We keep them while you are a customer, and you can ask us to correct or delete them at any time. We do not sell them.",1,"Client, before install / Intake","interface copy"
"Wednesday 12 August",2,"Service Point, technician / My day; Service Point, technician / Route and schedule","interface copy"
"Wednesday 12 August. 3 jobs across 1 technician.",1,"Service Point, manager / Dispatch board","interface copy"
"Wednesday 12 August. 3 jobs booked today.",1,"Service Point, manager / Service Point dashboard","interface copy"
"Wednesday 19 August",1,"Client, system owner / Book an appointment","interface copy"
"Weighted by revenue",1,"PTWE Global / Strategic mix tracker","interface copy"
"What brings you here?",1,"Client, before install / Intake","interface copy"
"What changes for you",1,"Client, before install / Handover to owner","interface copy"
"What did you find?",1,"Service Point, technician / Field quote","interface copy"
"What effluent clarity is acceptable on an EC-5?",1,"Service Point, manager / Flo","interface copy"
"What Flo can read",1,"Service Point, manager / Flo","interface copy"
"What Flo could not answer",1,"PTWE Global / Digital adoption and Flo analytics","interface copy"
"What good looks like",1,"PTWE Global / Benchmarking and alerts","interface copy"
"What happens next",1,"Client, before install / Request received, team assigned","interface copy"
"What happens, and when",1,"Client, before install / Installation and project tracking","interface copy"
"What is fixed",1,"Service Point, technician / Route and schedule","interface copy"
"What is it about?",1,"Client, system owner / Book an appointment","interface copy"
"What is moving",1,"Client, system owner / Transfer ownership","interface copy"
"What is on the shelf, what is on the truck, and what the schedule is about to consume.",1,"Service Point, manager / Inventory","interface copy"
"What is the trade-in allowance on a control panel?",1,"Service Point, manager / Flo","interface copy"
"What is the winter access rule for a seasonal property?",1,"Service Point, manager / Flo","interface copy"
"What it costs",1,"Client, before install / Your solution and quote","interface copy"
"What the customer will read",1,"Service Point, technician / Work order detail","interface copy"
"What the ground told us",1,"Client, before install / Soil test and report","interface copy"
"What the plan has done",1,"Client, system owner / Maintenance contract","interface copy"
"What the portal is actually being used for, and where it is falling short.",1,"PTWE Global / Digital adoption and Flo analytics","interface copy"
"What this implies",1,"PTWE Global / Digital adoption and Flo analytics","interface copy"
"What this means",1,"Client, before install / Soil test and report","interface copy"
"What transfers, and what does not",1,"Client, system owner / Transfer ownership","interface copy"
"What we already know",1,"Client, system owner / Messages","interface copy"
"What we can install",1,"Client, before install / Soil test and report","interface copy"
"What we found on your land",1,"Client, before install / Soil test and report","interface copy"
"What you approved",1,"Client, before install / Installation and project tracking","interface copy"
"What you get",1,"Client, system owner / Maintenance contract","interface copy"
"When suits you?",1,"Client, system owner / Book an appointment","interface copy"
"Where is the property?",1,"Client, before install / Intake","interface copy"
"Where the network disagrees with itself",1,"PTWE Global / Benchmarking and alerts","interface copy"
"Where the network is",1,"PTWE Global / Network overview","interface copy"
"Where this comes from",1,"Service Point, manager / Customers","interface copy"
"Where to look next",1,"PTWE Global / Region and Service Point drill","interface copy"
"Where your project is",1,"Client, before install / Installation and project tracking","interface copy"
"Who has asked for help, where they came from, and what stage they are at.",1,"Service Point, manager / Leads","interface copy"
"Who is coming",1,"Client, before install / Installation and project tracking","interface copy"
"Who is taking it on",1,"Client, system owner / Transfer ownership","interface copy"
"Whoever replies can see all of this. You should never have to explain your property twice.",1,"Client, system owner / Messages","interface copy"
"Why gates and not a score",1,"PTWE Global / Service Point readiness","interface copy"
"Why source matters",1,"Service Point, manager / Leads","interface copy"
"Why the campaign tab exists",1,"Service Point, manager / MARCOM catalogue","interface copy"
"Why this system",1,"Client, before install / Your solution and quote","interface copy"
"Winter access",1,"Client, system owner / Messages","interface copy"
"Within one working day, to understand the property",1,"Client, before install / Request received, team assigned","interface copy"
"Without the plan",1,"Client, system owner / Maintenance contract","interface copy"
"WO-2026-0409",4,"Service Point, technician / My day; Service Point, technician / Route and schedule; Service Point, manager / Service Point dashboard; Service Point, manager / Dispatch board","mock data, do not translate"
"WO-2026-0412",8,"Service Point, technician / My day; Service Point, technician / Work order detail; Service Point, technician / Route and schedule; Service Point, technician / Field quote; Service Point, technician / Pre-job safety check; Service Point, manager / Service Point dashboard; Service Point, manager / Dispatch board; Service Point, manager / Inventory","mock data, do not translate"
"WO-2026-0415",4,"Service Point, technician / My day; Service Point, technician / Route and schedule; Service Point, manager / Service Point dashboard; Service Point, manager / Dispatch board","mock data, do not translate"
"Working as it should",1,"Client, system owner / My system","interface copy"
"Working as it should. Installed 14 May 2019.",1,"Client, system owner / Home","interface copy"
"WORTH A CALL",1,"PTWE Global / Benchmarking and alerts","interface copy"
"WORTH A LOOK",1,"PTWE Global / Benchmarking and alerts","interface copy"
"Worth knowing about",1,"Client, system owner / Recommended for your property","interface copy"
"Worth reading the recent cases before assuming it is a scheduling problem.",1,"PTWE Global / Benchmarking and alerts","interface copy"
"Write a message",1,"Client, system owner / Messages","interface copy"
"Yard restored",1,"Client, before install / Installation and project tracking","interface copy"
"Yard restored, seeded and cleaned",1,"Client, before install / Your solution and quote","mock data, do not translate"
"Year to date, all regions",1,"PTWE Global / Network overview","interface copy"
"You",1,"Client, system owner / Messages","interface copy"
"You approve or you do not. No pressure either way",1,"Client, before install / Request received, team assigned","interface copy"
"You are invoiced after the work is finished and you are happy with it, not before.",1,"Client, before install / Installation and project tracking","interface copy"
"You are up to date. Your care plan is paid to 14 May 2027.",1,"Client, system owner / Invoices and payment","interface copy"
"You asked",1,"Service Point, manager / Flo","interface copy"
"You can stop at any time. Cover runs to 14 May 2027 and we do not charge again after that.",1,"Client, system owner / Maintenance contract","interface copy"
"You do not need to be home for the installation, but someone should be reachable by phone.",1,"Client, before install / Installation and project tracking","interface copy"
"You gave us the go ahead",1,"Client, before install / Installation and project tracking","interface copy"
"Your account is ready",1,"Client, before install / Request received, team assigned","interface copy"
"Your care plan",3,"Client, system owner / Home; Client, system owner / Maintenance contract; Client, system owner / Transfer ownership","interface copy"
"Your care plan covers a check up on the EC-5 each year, so there is nothing to pay for this visit.",1,"Client, system owner / Book an appointment","interface copy"
"Your care plan is paid to 14 May 2027.",1,"Client, system owner / Home","interface copy"
"Your care plan renews and pays itself. We email you a week before.",1,"Client, system owner / Invoices and payment","interface copy"
"Your checklist is not what the customer sees. A plain-language summary is generated from it, and you can edit it before the job closes.",1,"Service Point, technician / Work order detail","interface copy"
"Your crew",1,"Client, before install / Installation and project tracking","interface copy"
"Your financial records stay with you",1,"Client, system owner / Transfer ownership","interface copy"
"Your first check up",1,"Client, before install / Handover to owner","interface copy"
"Your full history",1,"Client, before install / Handover to owner","interface copy"
"Your installation",1,"Client, before install / Installation and project tracking","interface copy"
"Your invoices and payment method",1,"Client, system owner / Transfer ownership","interface copy"
"Your lot rules out a conventional leaching bed. What it suits is a compact system that treats the water above the problem layer rather than relying on the ground to do the work.",1,"Client, before install / Soil test and report","interface copy"
"Your messages with the team",1,"Client, system owner / Transfer ownership","interface copy"
"Your name",1,"Client, before install / Intake","interface copy"
"Your name, email and phone",1,"Client, system owner / Transfer ownership","interface copy"
"Your next visit",1,"Client, system owner / Home","interface copy"
"Your options",1,"Client, system owner / Maintenance contract","interface copy"
"Your parts orders",1,"Client, system owner / Transfer ownership","interface copy"
"Your permit was filed on 4 August 2026. Towns in this region usually take two to four weeks. We chase it weekly and will tell you the moment it clears.",1,"Client, before install / Installation and project tracking","interface copy"
"Your plan is paid to 14 May 2027. The new owner can take it over from the transfer date, or let it lapse and decide for themselves. If they take it over, we refund you the unused part.",1,"Client, system owner / Transfer ownership","interface copy"
"Your property is seasonal and the lid sits below the snow line. A taller riser means we can reach it in winter without you clearing the drive.",1,"Client, system owner / Recommended for your property","interface copy"
"Your quote",1,"Client, before install / Installation and project tracking","interface copy"
"Your reference",1,"Client, before install / Request received, team assigned","interface copy"
"Your route is on the device. It stays readable with no signal.",1,"Service Point, technician / Route and schedule","interface copy"
"Your Service Point team",1,"Client, system owner / Home","interface copy"
"Your soil drains slowly",1,"Client, before install / Your solution and quote","interface copy"
"Your soil test",1,"Client, before install / Soil test and report","interface copy"
"Your solution",1,"Client, before install / Your solution and quote","interface copy"
"Your system",4,"Client, before install / Handover to owner; Client, system owner / Home; Client, system owner / My system; Client, system owner / Messages","interface copy"
"Your system is live",1,"Client, before install / Handover to owner","interface copy"
"Yours to keep",1,"Client, system owner / My system","interface copy"
"Yves Charbonneau",1,"Service Point, manager / Leads","mock data, do not translate"
